path,label,speaker,source_file,window_idx
windows/4040 India Demo/win_0000.pt,UNKNOWN,4040 India Demo,my-folder/4040 India Demo.mp3,0
windows/4040 India Demo/win_0001.pt,UNKNOWN,4040 India Demo,my-folder/4040 India Demo.mp3,1
windows/4040 India Demo/win_0002.pt,UNKNOWN,4040 India Demo,my-folder/4040 India Demo.mp3,2
windows/4040 India Demo/win_0003.pt,UNKNOWN,4040 India Demo,my-folder/4040 India Demo.mp3,3
windows/4040 India Demo/win_0004.pt,UNKNOWN,4040 India Demo,my-folder/4040 India Demo.mp3,4
windows/4040 India Demo/win_0005.pt,UNKNOWN,4040 India Demo,my-folder/4040 India Demo.mp3,5
windows/4040 India Demo/win_0006.pt,UNKNOWN,4040 India Demo,my-folder/4040 India Demo.mp3,6
windows/4040 India Demo/win_0007.pt,UNKNOWN,4040 India Demo,my-folder/4040 India Demo.mp3,7
windows/4040 India Demo/win_0008.pt,UNKNOWN,4040 India Demo,my-folder/4040 India Demo.mp3,8
windows/4040 India Demo/win_0009.pt,UNKNOWN,4040 India Demo,my-folder/4040 India Demo.mp3,9
windows/4040 India Demo/win_0010.pt,UNKNOWN,4040 India Demo,my-folder/4040 India Demo.mp3,10
windows/4040 India Demo/win_0011.pt,UNKNOWN,4040 India Demo,my-folder/4040 India Demo.mp3,11
windows/4040 India Demo/win_0012.pt,UNKNOWN,4040 India Demo,my-folder/4040 India Demo.mp3,12
windows/4040 India Demo/win_0013.pt,UNKNOWN,4040 India Demo,my-folder/4040 India Demo.mp3,13
windows/4040 India Demo/win_0014.pt,UNKNOWN,4040 India Demo,my-folder/4040 India Demo.mp3,14
windows/4040 India Demo/win_0015.pt,UNKNOWN,4040 India Demo,my-folder/4040 India Demo.mp3,15
windows/4040 India Demo/win_0016.pt,UNKNOWN,4040 India Demo,my-folder/4040 India Demo.mp3,16
windows/4040 India Demo/win_0017.pt,UNKNOWN,4040 India Demo,my-folder/4040 India Demo.mp3,17
windows/4040 India Demo/win_0018.pt,UNKNOWN,4040 India Demo,my-folder/4040 India Demo.mp3,18
windows/4040 India Demo/win_0019.pt,UNKNOWN,4040 India Demo,my-folder/4040 India Demo.mp3,19
windows/4040 India Demo/win_0020.pt,UNKNOWN,4040 India Demo,my-folder/4040 India Demo.mp3,20
windows/4040 India Demo/win_0021.pt,UNKNOWN,4040 India Demo,my-folder/4040 India Demo.mp3,21
windows/4040 India Demo/win_0022.pt,UNKNOWN,4040 India Demo,my-folder/4040 India Demo.mp3,22
windows/4040 India Demo/win_0023.pt,UNKNOWN,4040 India Demo,my-folder/4040 India Demo.mp3,23
windows/4040 India Demo/win_0024.pt,UNKNOWN,4040 India Demo,my-folder/4040 India Demo.mp3,24
windows/4040 India Demo/win_0025.pt,UNKNOWN,4040 India Demo,my-folder/4040 India Demo.mp3,25
windows/4040 India Demo/win_0026.pt,UNKNOWN,4040 India Demo,my-folder/4040 India Demo.mp3,26
windows/4040 India Demo/win_0027.pt,UNKNOWN,4040 India Demo,my-folder/4040 India Demo.mp3,27
windows/4040 India Demo/win_0028.pt,UNKNOWN,4040 India Demo,my-folder/4040 India Demo.mp3,28
windows/4040 India Demo/win_0029.pt,UNKNOWN,4040 India Demo,my-folder/4040 India Demo.mp3,29
windows/4040 India Demo/win_0030.pt,UNKNOWN,4040 India Demo,my-folder/4040 India Demo.mp3,30
windows/4040 India Demo/win_0031.pt,UNKNOWN,4040 India Demo,my-folder/4040 India Demo.mp3,31
windows/4040 India Demo/win_0032.pt,UNKNOWN,4040 India Demo,my-folder/4040 India Demo.mp3,32
windows/4040 India Demo/win_0033.pt,UNKNOWN,4040 India Demo,my-folder/4040 India Demo.mp3,33
windows/4040 India Demo/win_0034.pt,UNKNOWN,4040 India Demo,my-folder/4040 India Demo.mp3,34
windows/4040 India Demo/win_0035.pt,UNKNOWN,4040 India Demo,my-folder/4040 India Demo.mp3,35
windows/4040 India Demo/win_0036.pt,UNKNOWN,4040 India Demo,my-folder/4040 India Demo.mp3,36
windows/4040 India Demo/win_0037.pt,UNKNOWN,4040 India Demo,my-folder/4040 India Demo.mp3,37
windows/4040 India Demo/win_0038.pt,UNKNOWN,4040 India Demo,my-folder/4040 India Demo.mp3,38
windows/4040 India Demo/win_0039.pt,UNKNOWN,4040 India Demo,my-folder/4040 India Demo.mp3,39
windows/4040 India Demo/win_0040.pt,UNKNOWN,4040 India Demo,my-folder/4040 India Demo.mp3,40
windows/4040 India Demo/win_0041.pt,UNKNOWN,4040 India Demo,my-folder/4040 India Demo.mp3,41
windows/4040 India Demo/win_0042.pt,UNKNOWN,4040 India Demo,my-folder/4040 India Demo.mp3,42
windows/4040 India Demo/win_0043.pt,UNKNOWN,4040 India Demo,my-folder/4040 India Demo.mp3,43
windows/4040 India Demo/win_0044.pt,UNKNOWN,4040 India Demo,my-folder/4040 India Demo.mp3,44
windows/4040 India Demo/win_0045.pt,UNKNOWN,4040 India Demo,my-folder/4040 India Demo.mp3,45
windows/4040 India Demo/win_0046.pt,UNKNOWN,4040 India Demo,my-folder/4040 India Demo.mp3,46
windows/4040 India Demo/win_0047.pt,UNKNOWN,4040 India Demo,my-folder/4040 India Demo.mp3,47
windows/4040 India Demo/win_0048.pt,UNKNOWN,4040 India Demo,my-folder/4040 India Demo.mp3,48
windows/4040 India Demo/win_0049.pt,UNKNOWN,4040 India Demo,my-folder/4040 India Demo.mp3,49
windows/4040 India Demo/win_0050.pt,UNKNOWN,4040 India Demo,my-folder/4040 India Demo.mp3,50
windows/4040 India Demo/win_0051.pt,UNKNOWN,4040 India Demo,my-folder/4040 India Demo.mp3,51
windows/4040 India Demo/win_0052.pt,UNKNOWN,4040 India Demo,my-folder/4040 India Demo.mp3,52
windows/4040 India Demo/win_0053.pt,UNKNOWN,4040 India Demo,my-folder/4040 India Demo.mp3,53
windows/4040 India Demo/win_0054.pt,UNKNOWN,4040 India Demo,my-folder/4040 India Demo.mp3,54
windows/4040 India Demo/win_0055.pt,UNKNOWN,4040 India Demo,my-folder/4040 India Demo.mp3,55
windows/4040 India Demo/win_0056.pt,UNKNOWN,4040 India Demo,my-folder/4040 India Demo.mp3,56
windows/4040 India Demo/win_0057.pt,UNKNOWN,4040 India Demo,my-folder/4040 India Demo.mp3,57
windows/4040 India Demo/win_0058.pt,UNKNOWN,4040 India Demo,my-folder/4040 India Demo.mp3,58
windows/4040 India Demo/win_0059.pt,UNKNOWN,4040 India Demo,my-folder/4040 India Demo.mp3,59
windows/4040 India Demo/win_0060.pt,UNKNOWN,4040 India Demo,my-folder/4040 India Demo.mp3,60
windows/4040 India Demo/win_0061.pt,UNKNOWN,4040 India Demo,my-folder/4040 India Demo.mp3,61
windows/4040 India Demo/win_0062.pt,UNKNOWN,4040 India Demo,my-folder/4040 India Demo.mp3,62
windows/4040 India Demo/win_0063.pt,UNKNOWN,4040 India Demo,my-folder/4040 India Demo.mp3,63
windows/4040 India Demo/win_0064.pt,UNKNOWN,4040 India Demo,my-folder/4040 India Demo.mp3,64
windows/4040 India Demo/win_0065.pt,UNKNOWN,4040 India Demo,my-folder/4040 India Demo.mp3,65
windows/4040 India Demo/win_0066.pt,UNKNOWN,4040 India Demo,my-folder/4040 India Demo.mp3,66
windows/4040 India Demo/win_0067.pt,UNKNOWN,4040 India Demo,my-folder/4040 India Demo.mp3,67
windows/4040 India Demo/win_0068.pt,UNKNOWN,4040 India Demo,my-folder/4040 India Demo.mp3,68
windows/4040 India Demo/win_0069.pt,UNKNOWN,4040 India Demo,my-folder/4040 India Demo.mp3,69
windows/4040 India Demo/win_0070.pt,UNKNOWN,4040 India Demo,my-folder/4040 India Demo.mp3,70
windows/4040 India Demo/win_0072.pt,UNKNOWN,4040 India Demo,my-folder/4040 India Demo.mp3,72
windows/4040 India Demo/win_0073.pt,UNKNOWN,4040 India Demo,my-folder/4040 India Demo.mp3,73
windows/4040 India Demo/win_0074.pt,UNKNOWN,4040 India Demo,my-folder/4040 India Demo.mp3,74
windows/4040 India Demo/win_0075.pt,UNKNOWN,4040 India Demo,my-folder/4040 India Demo.mp3,75
windows/4040 India Demo/win_0076.pt,UNKNOWN,4040 India Demo,my-folder/4040 India Demo.mp3,76
windows/4040 India Demo/win_0077.pt,UNKNOWN,4040 India Demo,my-folder/4040 India Demo.mp3,77
windows/4040 India Demo/win_0078.pt,UNKNOWN,4040 India Demo,my-folder/4040 India Demo.mp3,78
windows/4040 India Demo/win_0079.pt,UNKNOWN,4040 India Demo,my-folder/4040 India Demo.mp3,79
windows/4040 India Demo/win_0080.pt,UNKNOWN,4040 India Demo,my-folder/4040 India Demo.mp3,80
windows/4040 India Demo/win_0081.pt,UNKNOWN,4040 India Demo,my-folder/4040 India Demo.mp3,81
windows/4040 India Demo/win_0082.pt,UNKNOWN,4040 India Demo,my-folder/4040 India Demo.mp3,82
windows/4040 India Demo/win_0083.pt,UNKNOWN,4040 India Demo,my-folder/4040 India Demo.mp3,83
windows/4040 India Demo/win_0084.pt,UNKNOWN,4040 India Demo,my-folder/4040 India Demo.mp3,84
windows/4040 India Demo/win_0085.pt,UNKNOWN,4040 India Demo,my-folder/4040 India Demo.mp3,85
windows/4040 India Demo/win_0086.pt,UNKNOWN,4040 India Demo,my-folder/4040 India Demo.mp3,86
windows/4040 India Demo/win_0087.pt,UNKNOWN,4040 India Demo,my-folder/4040 India Demo.mp3,87
windows/4040 India Demo/win_0088.pt,UNKNOWN,4040 India Demo,my-folder/4040 India Demo.mp3,88
windows/4040 India Demo/win_0089.pt,UNKNOWN,4040 India Demo,my-folder/4040 India Demo.mp3,89
windows/4040 India Demo/win_0090.pt,UNKNOWN,4040 India Demo,my-folder/4040 India Demo.mp3,90
windows/4040 India Demo/win_0091.pt,UNKNOWN,4040 India Demo,my-folder/4040 India Demo.mp3,91
windows/4040 India Demo/win_0092.pt,UNKNOWN,4040 India Demo,my-folder/4040 India Demo.mp3,92
windows/4040 India Demo/win_0093.pt,UNKNOWN,4040 India Demo,my-folder/4040 India Demo.mp3,93
windows/4040 India Demo/win_0094.pt,UNKNOWN,4040 India Demo,my-folder/4040 India Demo.mp3,94
windows/4040 India Demo/win_0095.pt,UNKNOWN,4040 India Demo,my-folder/4040 India Demo.mp3,95
windows/4040 India Demo/win_0096.pt,UNKNOWN,4040 India Demo,my-folder/4040 India Demo.mp3,96
windows/4040 India Demo/win_0097.pt,UNKNOWN,4040 India Demo,my-folder/4040 India Demo.mp3,97
windows/4040 India Demo/win_0098.pt,UNKNOWN,4040 India Demo,my-folder/4040 India Demo.mp3,98
windows/4040 India Demo/win_0099.pt,UNKNOWN,4040 India Demo,my-folder/4040 India Demo.mp3,99
windows/4040 India Demo/win_0100.pt,UNKNOWN,4040 India Demo,my-folder/4040 India Demo.mp3,100
windows/4040 India Demo/win_0101.pt,UNKNOWN,4040 India Demo,my-folder/4040 India Demo.mp3,101
windows/4040 India Demo/win_0102.pt,UNKNOWN,4040 India Demo,my-folder/4040 India Demo.mp3,102
windows/4040 India Demo/win_0103.pt,UNKNOWN,4040 India Demo,my-folder/4040 India Demo.mp3,103
windows/4040 India Demo/win_0104.pt,UNKNOWN,4040 India Demo,my-folder/4040 India Demo.mp3,104
windows/4040 India Demo/win_0105.pt,UNKNOWN,4040 India Demo,my-folder/4040 India Demo.mp3,105
windows/4040 India Demo/win_0106.pt,UNKNOWN,4040 India Demo,my-folder/4040 India Demo.mp3,106
windows/4040 India Demo/win_0107.pt,UNKNOWN,4040 India Demo,my-folder/4040 India Demo.mp3,107
windows/4040 India Demo/win_0108.pt,UNKNOWN,4040 India Demo,my-folder/4040 India Demo.mp3,108
windows/4040 India Demo/win_0109.pt,UNKNOWN,4040 India Demo,my-folder/4040 India Demo.mp3,109
windows/4040 India Demo/win_0110.pt,UNKNOWN,4040 India Demo,my-folder/4040 India Demo.mp3,110
windows/4040 India Demo/win_0111.pt,UNKNOWN,4040 India Demo,my-folder/4040 India Demo.mp3,111
windows/4040 India Demo/win_0112.pt,UNKNOWN,4040 India Demo,my-folder/4040 India Demo.mp3,112
windows/4040 India Demo/win_0113.pt,UNKNOWN,4040 India Demo,my-folder/4040 India Demo.mp3,113
windows/4040 India Demo/win_0114.pt,UNKNOWN,4040 India Demo,my-folder/4040 India Demo.mp3,114
windows/4040 India Demo/win_0115.pt,UNKNOWN,4040 India Demo,my-folder/4040 India Demo.mp3,115
windows/4040 India Demo/win_0116.pt,UNKNOWN,4040 India Demo,my-folder/4040 India Demo.mp3,116
windows/4040 India Demo/win_0119.pt,UNKNOWN,4040 India Demo,my-folder/4040 India Demo.mp3,119
windows/4040 India Demo/win_0120.pt,UNKNOWN,4040 India Demo,my-folder/4040 India Demo.mp3,120
windows/4040 India Demo/win_0121.pt,UNKNOWN,4040 India Demo,my-folder/4040 India Demo.mp3,121
windows/4040 India Demo/win_0122.pt,UNKNOWN,4040 India Demo,my-folder/4040 India Demo.mp3,122
windows/4040 India Demo/win_0123.pt,UNKNOWN,4040 India Demo,my-folder/4040 India Demo.mp3,123
windows/4040 India Demo/win_0124.pt,UNKNOWN,4040 India Demo,my-folder/4040 India Demo.mp3,124
windows/4040 India Demo/win_0125.pt,UNKNOWN,4040 India Demo,my-folder/4040 India Demo.mp3,125
windows/4040 India Demo/win_0126.pt,UNKNOWN,4040 India Demo,my-folder/4040 India Demo.mp3,126
windows/4040 India Demo/win_0127.pt,UNKNOWN,4040 India Demo,my-folder/4040 India Demo.mp3,127
windows/4040 India Demo/win_0128.pt,UNKNOWN,4040 India Demo,my-folder/4040 India Demo.mp3,128
windows/4040 India Demo/win_0129.pt,UNKNOWN,4040 India Demo,my-folder/4040 India Demo.mp3,129
windows/4040 India Demo/win_0130.pt,UNKNOWN,4040 India Demo,my-folder/4040 India Demo.mp3,130
windows/4040 India Demo/win_0131.pt,UNKNOWN,4040 India Demo,my-folder/4040 India Demo.mp3,131
windows/4040 India Demo/win_0132.pt,UNKNOWN,4040 India Demo,my-folder/4040 India Demo.mp3,132
windows/4040 India Demo/win_0133.pt,UNKNOWN,4040 India Demo,my-folder/4040 India Demo.mp3,133
windows/4040 India Demo/win_0134.pt,UNKNOWN,4040 India Demo,my-folder/4040 India Demo.mp3,134
windows/4040 India Demo/win_0135.pt,UNKNOWN,4040 India Demo,my-folder/4040 India Demo.mp3,135
windows/4040 India Demo/win_0136.pt,UNKNOWN,4040 India Demo,my-folder/4040 India Demo.mp3,136
windows/4040 India Demo/win_0137.pt,UNKNOWN,4040 India Demo,my-folder/4040 India Demo.mp3,137
windows/4040 India Demo/win_0138.pt,UNKNOWN,4040 India Demo,my-folder/4040 India Demo.mp3,138
windows/4040 India Demo/win_0139.pt,UNKNOWN,4040 India Demo,my-folder/4040 India Demo.mp3,139
windows/4040 India Demo/win_0140.pt,UNKNOWN,4040 India Demo,my-folder/4040 India Demo.mp3,140
windows/4040 India Demo/win_0141.pt,UNKNOWN,4040 India Demo,my-folder/4040 India Demo.mp3,141
windows/4040 India Demo/win_0142.pt,UNKNOWN,4040 India Demo,my-folder/4040 India Demo.mp3,142
windows/4040 India Demo/win_0143.pt,UNKNOWN,4040 India Demo,my-folder/4040 India Demo.mp3,143
windows/4040 India Demo/win_0144.pt,UNKNOWN,4040 India Demo,my-folder/4040 India Demo.mp3,144
windows/4040 India Demo/win_0145.pt,UNKNOWN,4040 India Demo,my-folder/4040 India Demo.mp3,145
windows/4040 India Demo/win_0146.pt,UNKNOWN,4040 India Demo,my-folder/4040 India Demo.mp3,146
windows/4040 India Demo/win_0147.pt,UNKNOWN,4040 India Demo,my-folder/4040 India Demo.mp3,147
windows/4040 India Demo/win_0148.pt,UNKNOWN,4040 India Demo,my-folder/4040 India Demo.mp3,148
windows/4040 India Demo/win_0149.pt,UNKNOWN,4040 India Demo,my-folder/4040 India Demo.mp3,149
windows/4040 India Demo/win_0150.pt,UNKNOWN,4040 India Demo,my-folder/4040 India Demo.mp3,150
windows/4040 India Demo/win_0151.pt,UNKNOWN,4040 India Demo,my-folder/4040 India Demo.mp3,151
windows/4040 India Demo/win_0152.pt,UNKNOWN,4040 India Demo,my-folder/4040 India Demo.mp3,152
windows/4040 India Demo/win_0153.pt,UNKNOWN,4040 India Demo,my-folder/4040 India Demo.mp3,153
windows/4040 India Demo/win_0154.pt,UNKNOWN,4040 India Demo,my-folder/4040 India Demo.mp3,154
windows/4040 India Demo/win_0155.pt,UNKNOWN,4040 India Demo,my-folder/4040 India Demo.mp3,155
windows/4040 India Demo/win_0156.pt,UNKNOWN,4040 India Demo,my-folder/4040 India Demo.mp3,156
windows/4040 India Demo/win_0157.pt,UNKNOWN,4040 India Demo,my-folder/4040 India Demo.mp3,157
windows/4040 India Demo/win_0158.pt,UNKNOWN,4040 India Demo,my-folder/4040 India Demo.mp3,158
windows/4040 India Demo/win_0159.pt,UNKNOWN,4040 India Demo,my-folder/4040 India Demo.mp3,159
windows/4040 India Demo/win_0160.pt,UNKNOWN,4040 India Demo,my-folder/4040 India Demo.mp3,160
windows/4040 India Demo/win_0161.pt,UNKNOWN,4040 India Demo,my-folder/4040 India Demo.mp3,161
windows/4040 India Demo/win_0162.pt,UNKNOWN,4040 India Demo,my-folder/4040 India Demo.mp3,162
windows/4040 India Demo/win_0163.pt,UNKNOWN,4040 India Demo,my-folder/4040 India Demo.mp3,163
windows/4040 India Demo/win_0164.pt,UNKNOWN,4040 India Demo,my-folder/4040 India Demo.mp3,164
windows/4040 India Demo/win_0165.pt,UNKNOWN,4040 India Demo,my-folder/4040 India Demo.mp3,165
windows/4040 India Demo/win_0166.pt,UNKNOWN,4040 India Demo,my-folder/4040 India Demo.mp3,166
windows/4040 India Demo/win_0167.pt,UNKNOWN,4040 India Demo,my-folder/4040 India Demo.mp3,167
windows/4040 India Demo/win_0168.pt,UNKNOWN,4040 India Demo,my-folder/4040 India Demo.mp3,168
windows/4040 India Demo/win_0169.pt,UNKNOWN,4040 India Demo,my-folder/4040 India Demo.mp3,169
windows/4040 India Demo/win_0170.pt,UNKNOWN,4040 India Demo,my-folder/4040 India Demo.mp3,170
windows/4040 India Demo/win_0171.pt,UNKNOWN,4040 India Demo,my-folder/4040 India Demo.mp3,171
windows/4040 India Demo/win_0172.pt,UNKNOWN,4040 India Demo,my-folder/4040 India Demo.mp3,172
windows/4040 India Demo/win_0173.pt,UNKNOWN,4040 India Demo,my-folder/4040 India Demo.mp3,173
windows/4040 India Demo/win_0174.pt,UNKNOWN,4040 India Demo,my-folder/4040 India Demo.mp3,174
windows/4040 India Demo/win_0175.pt,UNKNOWN,4040 India Demo,my-folder/4040 India Demo.mp3,175
windows/4040 India Demo/win_0176.pt,UNKNOWN,4040 India Demo,my-folder/4040 India Demo.mp3,176
windows/4040 India Demo/win_0177.pt,UNKNOWN,4040 India Demo,my-folder/4040 India Demo.mp3,177
windows/4040 India Demo/win_0178.pt,UNKNOWN,4040 India Demo,my-folder/4040 India Demo.mp3,178
windows/4040 India Demo/win_0179.pt,UNKNOWN,4040 India Demo,my-folder/4040 India Demo.mp3,179
windows/4040 India Demo/win_0180.pt,UNKNOWN,4040 India Demo,my-folder/4040 India Demo.mp3,180
windows/4040 India Demo/win_0181.pt,UNKNOWN,4040 India Demo,my-folder/4040 India Demo.mp3,181
windows/4040 India Demo/win_0182.pt,UNKNOWN,4040 India Demo,my-folder/4040 India Demo.mp3,182
windows/4040 India Demo/win_0183.pt,UNKNOWN,4040 India Demo,my-folder/4040 India Demo.mp3,183
windows/4040 India Demo/win_0184.pt,UNKNOWN,4040 India Demo,my-folder/4040 India Demo.mp3,184
windows/4040 India Demo/win_0185.pt,UNKNOWN,4040 India Demo,my-folder/4040 India Demo.mp3,185
windows/4040 India Demo/win_0186.pt,UNKNOWN,4040 India Demo,my-folder/4040 India Demo.mp3,186
windows/4040 India Demo/win_0187.pt,UNKNOWN,4040 India Demo,my-folder/4040 India Demo.mp3,187
windows/4040 India Demo/win_0188.pt,UNKNOWN,4040 India Demo,my-folder/4040 India Demo.mp3,188
windows/4040 India Demo/win_0189.pt,UNKNOWN,4040 India Demo,my-folder/4040 India Demo.mp3,189
windows/4040 India Demo/win_0190.pt,UNKNOWN,4040 India Demo,my-folder/4040 India Demo.mp3,190
windows/4040 India Demo/win_0191.pt,UNKNOWN,4040 India Demo,my-folder/4040 India Demo.mp3,191
windows/4040 India Demo/win_0192.pt,UNKNOWN,4040 India Demo,my-folder/4040 India Demo.mp3,192
windows/4040 India Demo/win_0193.pt,UNKNOWN,4040 India Demo,my-folder/4040 India Demo.mp3,193
windows/4040 India Demo/win_0194.pt,UNKNOWN,4040 India Demo,my-folder/4040 India Demo.mp3,194
windows/4040 India Demo/win_0195.pt,UNKNOWN,4040 India Demo,my-folder/4040 India Demo.mp3,195
windows/4040 India Demo/win_0196.pt,UNKNOWN,4040 India Demo,my-folder/4040 India Demo.mp3,196
windows/4040 India Demo/win_0197.pt,UNKNOWN,4040 India Demo,my-folder/4040 India Demo.mp3,197
windows/4040 India Demo/win_0198.pt,UNKNOWN,4040 India Demo,my-folder/4040 India Demo.mp3,198
windows/4040 India Demo/win_0199.pt,UNKNOWN,4040 India Demo,my-folder/4040 India Demo.mp3,199
windows/4040 India Demo/win_0201.pt,UNKNOWN,4040 India Demo,my-folder/4040 India Demo.mp3,201
windows/4040 India Demo/win_0202.pt,UNKNOWN,4040 India Demo,my-folder/4040 India Demo.mp3,202
windows/4040 India Demo/win_0203.pt,UNKNOWN,4040 India Demo,my-folder/4040 India Demo.mp3,203
windows/4040 India Demo/win_0204.pt,UNKNOWN,4040 India Demo,my-folder/4040 India Demo.mp3,204
windows/4040 India Demo/win_0205.pt,UNKNOWN,4040 India Demo,my-folder/4040 India Demo.mp3,205
windows/4040 India Demo/win_0206.pt,UNKNOWN,4040 India Demo,my-folder/4040 India Demo.mp3,206
windows/4040 India Demo/win_0207.pt,UNKNOWN,4040 India Demo,my-folder/4040 India Demo.mp3,207
windows/4040 India Demo/win_0208.pt,UNKNOWN,4040 India Demo,my-folder/4040 India Demo.mp3,208
windows/4040 India Demo/win_0209.pt,UNKNOWN,4040 India Demo,my-folder/4040 India Demo.mp3,209
windows/4040 India Demo/win_0210.pt,UNKNOWN,4040 India Demo,my-folder/4040 India Demo.mp3,210
windows/4040 India Demo/win_0211.pt,UNKNOWN,4040 India Demo,my-folder/4040 India Demo.mp3,211
windows/4040 India Demo/win_0212.pt,UNKNOWN,4040 India Demo,my-folder/4040 India Demo.mp3,212
windows/4040 India Demo/win_0213.pt,UNKNOWN,4040 India Demo,my-folder/4040 India Demo.mp3,213
windows/4040 India Demo/win_0215.pt,UNKNOWN,4040 India Demo,my-folder/4040 India Demo.mp3,215
windows/4040 India Demo/win_0216.pt,UNKNOWN,4040 India Demo,my-folder/4040 India Demo.mp3,216
windows/4040 India Demo/win_0217.pt,UNKNOWN,4040 India Demo,my-folder/4040 India Demo.mp3,217
windows/4040 India Demo/win_0219.pt,UNKNOWN,4040 India Demo,my-folder/4040 India Demo.mp3,219
windows/4040 India Demo/win_0220.pt,UNKNOWN,4040 India Demo,my-folder/4040 India Demo.mp3,220
windows/4040 India Demo/win_0221.pt,UNKNOWN,4040 India Demo,my-folder/4040 India Demo.mp3,221
windows/4040 India Demo/win_0222.pt,UNKNOWN,4040 India Demo,my-folder/4040 India Demo.mp3,222
windows/4040 India Demo/win_0223.pt,UNKNOWN,4040 India Demo,my-folder/4040 India Demo.mp3,223
windows/4040 India Demo/win_0224.pt,UNKNOWN,4040 India Demo,my-folder/4040 India Demo.mp3,224
windows/4040 India Demo/win_0225.pt,UNKNOWN,4040 India Demo,my-folder/4040 India Demo.mp3,225
windows/4040 India Demo/win_0226.pt,UNKNOWN,4040 India Demo,my-folder/4040 India Demo.mp3,226
windows/4040 India Demo/win_0227.pt,UNKNOWN,4040 India Demo,my-folder/4040 India Demo.mp3,227
windows/4040 India Demo/win_0228.pt,UNKNOWN,4040 India Demo,my-folder/4040 India Demo.mp3,228
windows/4040 India Demo/win_0229.pt,UNKNOWN,4040 India Demo,my-folder/4040 India Demo.mp3,229
windows/4040 India Demo/win_0230.pt,UNKNOWN,4040 India Demo,my-folder/4040 India Demo.mp3,230
windows/4040 India Demo/win_0231.pt,UNKNOWN,4040 India Demo,my-folder/4040 India Demo.mp3,231
windows/4040 India Demo/win_0232.pt,UNKNOWN,4040 India Demo,my-folder/4040 India Demo.mp3,232
windows/4040 India Demo/win_0233.pt,UNKNOWN,4040 India Demo,my-folder/4040 India Demo.mp3,233
windows/4040 India Demo/win_0234.pt,UNKNOWN,4040 India Demo,my-folder/4040 India Demo.mp3,234
windows/4040 India Demo/win_0235.pt,UNKNOWN,4040 India Demo,my-folder/4040 India Demo.mp3,235
windows/4040 India Demo/win_0236.pt,UNKNOWN,4040 India Demo,my-folder/4040 India Demo.mp3,236
windows/4040 India Demo/win_0237.pt,UNKNOWN,4040 India Demo,my-folder/4040 India Demo.mp3,237
windows/4040 India Demo/win_0238.pt,UNKNOWN,4040 India Demo,my-folder/4040 India Demo.mp3,238
windows/4040 India Demo/win_0239.pt,UNKNOWN,4040 India Demo,my-folder/4040 India Demo.mp3,239
windows/4040 India Demo/win_0240.pt,UNKNOWN,4040 India Demo,my-folder/4040 India Demo.mp3,240
windows/4040 India Demo/win_0241.pt,UNKNOWN,4040 India Demo,my-folder/4040 India Demo.mp3,241
windows/4040 India Demo/win_0242.pt,UNKNOWN,4040 India Demo,my-folder/4040 India Demo.mp3,242
windows/4040 India Demo/win_0243.pt,UNKNOWN,4040 India Demo,my-folder/4040 India Demo.mp3,243
windows/4040 India Demo/win_0244.pt,UNKNOWN,4040 India Demo,my-folder/4040 India Demo.mp3,244
windows/4040 India Demo/win_0245.pt,UNKNOWN,4040 India Demo,my-folder/4040 India Demo.mp3,245
windows/4040 India Demo/win_0246.pt,UNKNOWN,4040 India Demo,my-folder/4040 India Demo.mp3,246
windows/4040 India Demo/win_0247.pt,UNKNOWN,4040 India Demo,my-folder/4040 India Demo.mp3,247
windows/4040 India Demo/win_0248.pt,UNKNOWN,4040 India Demo,my-folder/4040 India Demo.mp3,248
windows/4040 India Demo/win_0249.pt,UNKNOWN,4040 India Demo,my-folder/4040 India Demo.mp3,249
windows/4040 India Demo/win_0250.pt,UNKNOWN,4040 India Demo,my-folder/4040 India Demo.mp3,250
windows/4040 India Demo/win_0251.pt,UNKNOWN,4040 India Demo,my-folder/4040 India Demo.mp3,251
windows/4040 India Demo/win_0252.pt,UNKNOWN,4040 India Demo,my-folder/4040 India Demo.mp3,252
windows/4040 India Demo/win_0253.pt,UNKNOWN,4040 India Demo,my-folder/4040 India Demo.mp3,253
windows/4040 India Demo/win_0255.pt,UNKNOWN,4040 India Demo,my-folder/4040 India Demo.mp3,255
windows/4040 India Demo/win_0256.pt,UNKNOWN,4040 India Demo,my-folder/4040 India Demo.mp3,256
windows/4040 India Demo/win_0257.pt,UNKNOWN,4040 India Demo,my-folder/4040 India Demo.mp3,257
windows/4040 India Demo/win_0258.pt,UNKNOWN,4040 India Demo,my-folder/4040 India Demo.mp3,258
windows/4040 India Demo/win_0259.pt,UNKNOWN,4040 India Demo,my-folder/4040 India Demo.mp3,259
windows/4040 India Demo/win_0260.pt,UNKNOWN,4040 India Demo,my-folder/4040 India Demo.mp3,260
windows/4040 India Demo/win_0261.pt,UNKNOWN,4040 India Demo,my-folder/4040 India Demo.mp3,261
windows/4040 India Demo/win_0262.pt,UNKNOWN,4040 India Demo,my-folder/4040 India Demo.mp3,262
windows/4040 India Demo/win_0263.pt,UNKNOWN,4040 India Demo,my-folder/4040 India Demo.mp3,263
windows/4040 India Demo/win_0264.pt,UNKNOWN,4040 India Demo,my-folder/4040 India Demo.mp3,264
windows/4040 India Demo/win_0265.pt,UNKNOWN,4040 India Demo,my-folder/4040 India Demo.mp3,265
windows/4040 India Demo/win_0266.pt,UNKNOWN,4040 India Demo,my-folder/4040 India Demo.mp3,266
windows/4040 India Demo/win_0267.pt,UNKNOWN,4040 India Demo,my-folder/4040 India Demo.mp3,267
windows/4040 India Demo/win_0268.pt,UNKNOWN,4040 India Demo,my-folder/4040 India Demo.mp3,268
windows/4040 India Demo/win_0269.pt,UNKNOWN,4040 India Demo,my-folder/4040 India Demo.mp3,269
windows/4040 India Demo/win_0270.pt,UNKNOWN,4040 India Demo,my-folder/4040 India Demo.mp3,270
windows/4040 India Demo/win_0271.pt,UNKNOWN,4040 India Demo,my-folder/4040 India Demo.mp3,271
windows/4040 India Demo/win_0272.pt,UNKNOWN,4040 India Demo,my-folder/4040 India Demo.mp3,272
windows/4040 India Demo/win_0273.pt,UNKNOWN,4040 India Demo,my-folder/4040 India Demo.mp3,273
windows/4040 India Demo/win_0274.pt,UNKNOWN,4040 India Demo,my-folder/4040 India Demo.mp3,274
windows/4040 India Demo/win_0275.pt,UNKNOWN,4040 India Demo,my-folder/4040 India Demo.mp3,275
windows/4040 India Demo/win_0276.pt,UNKNOWN,4040 India Demo,my-folder/4040 India Demo.mp3,276
windows/4040 India Demo/win_0277.pt,UNKNOWN,4040 India Demo,my-folder/4040 India Demo.mp3,277
windows/4040 India Demo/win_0278.pt,UNKNOWN,4040 India Demo,my-folder/4040 India Demo.mp3,278
windows/4040 India Demo/win_0279.pt,UNKNOWN,4040 India Demo,my-folder/4040 India Demo.mp3,279
windows/4040 India Demo/win_0280.pt,UNKNOWN,4040 India Demo,my-folder/4040 India Demo.mp3,280
windows/4040 India Demo/win_0281.pt,UNKNOWN,4040 India Demo,my-folder/4040 India Demo.mp3,281
windows/4040 India Demo/win_0282.pt,UNKNOWN,4040 India Demo,my-folder/4040 India Demo.mp3,282
windows/4040 India Demo/win_0283.pt,UNKNOWN,4040 India Demo,my-folder/4040 India Demo.mp3,283
windows/4040 India Demo/win_0284.pt,UNKNOWN,4040 India Demo,my-folder/4040 India Demo.mp3,284
windows/4040 India Demo/win_0285.pt,UNKNOWN,4040 India Demo,my-folder/4040 India Demo.mp3,285
windows/4040 India Demo/win_0286.pt,UNKNOWN,4040 India Demo,my-folder/4040 India Demo.mp3,286
windows/4040 India Demo/win_0287.pt,UNKNOWN,4040 India Demo,my-folder/4040 India Demo.mp3,287
windows/4040 India Demo/win_0288.pt,UNKNOWN,4040 India Demo,my-folder/4040 India Demo.mp3,288
windows/4040 India Demo/win_0289.pt,UNKNOWN,4040 India Demo,my-folder/4040 India Demo.mp3,289
windows/4040 India Demo/win_0290.pt,UNKNOWN,4040 India Demo,my-folder/4040 India Demo.mp3,290
windows/4040 India Demo/win_0291.pt,UNKNOWN,4040 India Demo,my-folder/4040 India Demo.mp3,291
windows/4040 India Demo/win_0292.pt,UNKNOWN,4040 India Demo,my-folder/4040 India Demo.mp3,292
windows/4040 India Demo/win_0293.pt,UNKNOWN,4040 India Demo,my-folder/4040 India Demo.mp3,293
windows/Demo_Podcast_1/win_0000.pt,UNKNOWN,Demo_Podcast_1,my-folder/Demo_Podcast_1.mp3,0
windows/Demo_Podcast_1/win_0001.pt,UNKNOWN,Demo_Podcast_1,my-folder/Demo_Podcast_1.mp3,1
windows/Demo_Podcast_1/win_0002.pt,UNKNOWN,Demo_Podcast_1,my-folder/Demo_Podcast_1.mp3,2
windows/Demo_Podcast_1/win_0003.pt,UNKNOWN,Demo_Podcast_1,my-folder/Demo_Podcast_1.mp3,3
windows/Demo_Podcast_1/win_0004.pt,UNKNOWN,Demo_Podcast_1,my-folder/Demo_Podcast_1.mp3,4
windows/Demo_Podcast_1/win_0005.pt,UNKNOWN,Demo_Podcast_1,my-folder/Demo_Podcast_1.mp3,5
windows/Demo_Podcast_1/win_0006.pt,UNKNOWN,Demo_Podcast_1,my-folder/Demo_Podcast_1.mp3,6
windows/Demo_Podcast_1/win_0007.pt,UNKNOWN,Demo_Podcast_1,my-folder/Demo_Podcast_1.mp3,7
windows/Demo_Podcast_1/win_0008.pt,UNKNOWN,Demo_Podcast_1,my-folder/Demo_Podcast_1.mp3,8
windows/Demo_Podcast_1/win_0009.pt,UNKNOWN,Demo_Podcast_1,my-folder/Demo_Podcast_1.mp3,9
windows/Demo_Podcast_1/win_0010.pt,UNKNOWN,Demo_Podcast_1,my-folder/Demo_Podcast_1.mp3,10
windows/Demo_Podcast_1/win_0011.pt,UNKNOWN,Demo_Podcast_1,my-folder/Demo_Podcast_1.mp3,11
windows/Demo_Podcast_1/win_0012.pt,UNKNOWN,Demo_Podcast_1,my-folder/Demo_Podcast_1.mp3,12
windows/Demo_Podcast_1/win_0013.pt,UNKNOWN,Demo_Podcast_1,my-folder/Demo_Podcast_1.mp3,13
windows/Demo_Podcast_1/win_0014.pt,UNKNOWN,Demo_Podcast_1,my-folder/Demo_Podcast_1.mp3,14
windows/Demo_Podcast_1/win_0015.pt,UNKNOWN,Demo_Podcast_1,my-folder/Demo_Podcast_1.mp3,15
windows/Demo_Podcast_1/win_0016.pt,UNKNOWN,Demo_Podcast_1,my-folder/Demo_Podcast_1.mp3,16
windows/Demo_Podcast_1/win_0017.pt,UNKNOWN,Demo_Podcast_1,my-folder/Demo_Podcast_1.mp3,17
windows/Demo_Podcast_1/win_0018.pt,UNKNOWN,Demo_Podcast_1,my-folder/Demo_Podcast_1.mp3,18
windows/Demo_Podcast_1/win_0019.pt,UNKNOWN,Demo_Podcast_1,my-folder/Demo_Podcast_1.mp3,19
windows/Demo_Podcast_1/win_0020.pt,UNKNOWN,Demo_Podcast_1,my-folder/Demo_Podcast_1.mp3,20
windows/Demo_Podcast_1/win_0021.pt,UNKNOWN,Demo_Podcast_1,my-folder/Demo_Podcast_1.mp3,21
windows/Demo_Podcast_1/win_0022.pt,UNKNOWN,Demo_Podcast_1,my-folder/Demo_Podcast_1.mp3,22
windows/Demo_Podcast_1/win_0023.pt,UNKNOWN,Demo_Podcast_1,my-folder/Demo_Podcast_1.mp3,23
windows/Demo_Podcast_1/win_0024.pt,UNKNOWN,Demo_Podcast_1,my-folder/Demo_Podcast_1.mp3,24
windows/Demo_Podcast_1/win_0025.pt,UNKNOWN,Demo_Podcast_1,my-folder/Demo_Podcast_1.mp3,25
windows/Demo_Podcast_1/win_0026.pt,UNKNOWN,Demo_Podcast_1,my-folder/Demo_Podcast_1.mp3,26
windows/Demo_Podcast_1/win_0027.pt,UNKNOWN,Demo_Podcast_1,my-folder/Demo_Podcast_1.mp3,27
windows/Demo_Podcast_1/win_0028.pt,UNKNOWN,Demo_Podcast_1,my-folder/Demo_Podcast_1.mp3,28
windows/Demo_Podcast_1/win_0029.pt,UNKNOWN,Demo_Podcast_1,my-folder/Demo_Podcast_1.mp3,29
windows/Demo_Podcast_1/win_0030.pt,UNKNOWN,Demo_Podcast_1,my-folder/Demo_Podcast_1.mp3,30
windows/Demo_Podcast_1/win_0031.pt,UNKNOWN,Demo_Podcast_1,my-folder/Demo_Podcast_1.mp3,31
windows/Demo_Podcast_1/win_0032.pt,UNKNOWN,Demo_Podcast_1,my-folder/Demo_Podcast_1.mp3,32
windows/Demo_Podcast_1/win_0033.pt,UNKNOWN,Demo_Podcast_1,my-folder/Demo_Podcast_1.mp3,33
windows/Demo_Podcast_1/win_0034.pt,UNKNOWN,Demo_Podcast_1,my-folder/Demo_Podcast_1.mp3,34
windows/Demo_Podcast_1/win_0035.pt,UNKNOWN,Demo_Podcast_1,my-folder/Demo_Podcast_1.mp3,35
windows/Demo_Podcast_1/win_0036.pt,UNKNOWN,Demo_Podcast_1,my-folder/Demo_Podcast_1.mp3,36
windows/Demo_Podcast_1/win_0037.pt,UNKNOWN,Demo_Podcast_1,my-folder/Demo_Podcast_1.mp3,37
windows/Demo_Podcast_1/win_0038.pt,UNKNOWN,Demo_Podcast_1,my-folder/Demo_Podcast_1.mp3,38
windows/Demo_Podcast_1/win_0039.pt,UNKNOWN,Demo_Podcast_1,my-folder/Demo_Podcast_1.mp3,39
windows/Demo_Podcast_1/win_0040.pt,UNKNOWN,Demo_Podcast_1,my-folder/Demo_Podcast_1.mp3,40
windows/Demo_Podcast_1/win_0041.pt,UNKNOWN,Demo_Podcast_1,my-folder/Demo_Podcast_1.mp3,41
windows/Demo_Podcast_1/win_0042.pt,UNKNOWN,Demo_Podcast_1,my-folder/Demo_Podcast_1.mp3,42
windows/Demo_Podcast_1/win_0043.pt,UNKNOWN,Demo_Podcast_1,my-folder/Demo_Podcast_1.mp3,43
windows/Demo_Podcast_1/win_0044.pt,UNKNOWN,Demo_Podcast_1,my-folder/Demo_Podcast_1.mp3,44
windows/Demo_Podcast_1/win_0045.pt,UNKNOWN,Demo_Podcast_1,my-folder/Demo_Podcast_1.mp3,45
windows/Demo_Podcast_1/win_0046.pt,UNKNOWN,Demo_Podcast_1,my-folder/Demo_Podcast_1.mp3,46
windows/Demo_Podcast_1/win_0047.pt,UNKNOWN,Demo_Podcast_1,my-folder/Demo_Podcast_1.mp3,47
windows/Demo_Podcast_1/win_0048.pt,UNKNOWN,Demo_Podcast_1,my-folder/Demo_Podcast_1.mp3,48
windows/Demo_Podcast_1/win_0049.pt,UNKNOWN,Demo_Podcast_1,my-folder/Demo_Podcast_1.mp3,49
windows/Demo_Podcast_1/win_0050.pt,UNKNOWN,Demo_Podcast_1,my-folder/Demo_Podcast_1.mp3,50
windows/Demo_Podcast_1/win_0051.pt,UNKNOWN,Demo_Podcast_1,my-folder/Demo_Podcast_1.mp3,51
windows/Demo_Podcast_1/win_0052.pt,UNKNOWN,Demo_Podcast_1,my-folder/Demo_Podcast_1.mp3,52
windows/Demo_Podcast_1/win_0053.pt,UNKNOWN,Demo_Podcast_1,my-folder/Demo_Podcast_1.mp3,53
windows/Demo_Podcast_1/win_0054.pt,UNKNOWN,Demo_Podcast_1,my-folder/Demo_Podcast_1.mp3,54
windows/Demo_Podcast_1/win_0055.pt,UNKNOWN,Demo_Podcast_1,my-folder/Demo_Podcast_1.mp3,55
windows/Demo_Podcast_1/win_0056.pt,UNKNOWN,Demo_Podcast_1,my-folder/Demo_Podcast_1.mp3,56
windows/Demo_Podcast_1/win_0057.pt,UNKNOWN,Demo_Podcast_1,my-folder/Demo_Podcast_1.mp3,57
windows/Demo_Podcast_1/win_0058.pt,UNKNOWN,Demo_Podcast_1,my-folder/Demo_Podcast_1.mp3,58
windows/Demo_Podcast_1/win_0059.pt,UNKNOWN,Demo_Podcast_1,my-folder/Demo_Podcast_1.mp3,59
windows/Demo_Podcast_1/win_0060.pt,UNKNOWN,Demo_Podcast_1,my-folder/Demo_Podcast_1.mp3,60
windows/Demo_Podcast_1/win_0061.pt,UNKNOWN,Demo_Podcast_1,my-folder/Demo_Podcast_1.mp3,61
windows/Demo_Podcast_1/win_0062.pt,UNKNOWN,Demo_Podcast_1,my-folder/Demo_Podcast_1.mp3,62
windows/Demo_Podcast_1/win_0063.pt,UNKNOWN,Demo_Podcast_1,my-folder/Demo_Podcast_1.mp3,63
windows/Demo_Podcast_1/win_0064.pt,UNKNOWN,Demo_Podcast_1,my-folder/Demo_Podcast_1.mp3,64
windows/Demo_Podcast_1/win_0065.pt,UNKNOWN,Demo_Podcast_1,my-folder/Demo_Podcast_1.mp3,65
windows/Demo_Podcast_1/win_0066.pt,UNKNOWN,Demo_Podcast_1,my-folder/Demo_Podcast_1.mp3,66
windows/Demo_Podcast_1/win_0067.pt,UNKNOWN,Demo_Podcast_1,my-folder/Demo_Podcast_1.mp3,67
windows/eLearning_AdultEdIllnois/win_0000.pt,UNKNOWN,eLearning_AdultEdIllnois,my-folder/eLearning_AdultEdIllnois.mp3,0
windows/eLearning_AdultEdIllnois/win_0001.pt,UNKNOWN,eLearning_AdultEdIllnois,my-folder/eLearning_AdultEdIllnois.mp3,1
windows/eLearning_AdultEdIllnois/win_0002.pt,UNKNOWN,eLearning_AdultEdIllnois,my-folder/eLearning_AdultEdIllnois.mp3,2
windows/eLearning_AdultEdIllnois/win_0003.pt,UNKNOWN,eLearning_AdultEdIllnois,my-folder/eLearning_AdultEdIllnois.mp3,3
windows/eLearning_AdultEdIllnois/win_0004.pt,UNKNOWN,eLearning_AdultEdIllnois,my-folder/eLearning_AdultEdIllnois.mp3,4
windows/eLearning_AdultEdIllnois/win_0005.pt,UNKNOWN,eLearning_AdultEdIllnois,my-folder/eLearning_AdultEdIllnois.mp3,5
windows/eLearning_AdultEdIllnois/win_0006.pt,UNKNOWN,eLearning_AdultEdIllnois,my-folder/eLearning_AdultEdIllnois.mp3,6
windows/eLearning_AdultEdIllnois/win_0007.pt,UNKNOWN,eLearning_AdultEdIllnois,my-folder/eLearning_AdultEdIllnois.mp3,7
windows/eLearning_AdultEdIllnois/win_0008.pt,UNKNOWN,eLearning_AdultEdIllnois,my-folder/eLearning_AdultEdIllnois.mp3,8
windows/eLearning_AdultEdIllnois/win_0009.pt,UNKNOWN,eLearning_AdultEdIllnois,my-folder/eLearning_AdultEdIllnois.mp3,9
windows/eLearning_AdultEdIllnois/win_0010.pt,UNKNOWN,eLearning_AdultEdIllnois,my-folder/eLearning_AdultEdIllnois.mp3,10
windows/eLearning_AdultEdIllnois/win_0011.pt,UNKNOWN,eLearning_AdultEdIllnois,my-folder/eLearning_AdultEdIllnois.mp3,11
windows/eLearning_AdultEdIllnois/win_0013.pt,UNKNOWN,eLearning_AdultEdIllnois,my-folder/eLearning_AdultEdIllnois.mp3,13
windows/eLearning_AdultEdIllnois/win_0014.pt,UNKNOWN,eLearning_AdultEdIllnois,my-folder/eLearning_AdultEdIllnois.mp3,14
windows/eLearning_AdultEdIllnois/win_0015.pt,UNKNOWN,eLearning_AdultEdIllnois,my-folder/eLearning_AdultEdIllnois.mp3,15
windows/eLearning_AdultEdIllnois/win_0016.pt,UNKNOWN,eLearning_AdultEdIllnois,my-folder/eLearning_AdultEdIllnois.mp3,16
windows/eLearning_AdultEdIllnois/win_0017.pt,UNKNOWN,eLearning_AdultEdIllnois,my-folder/eLearning_AdultEdIllnois.mp3,17
windows/eLearning_AdultEdIllnois/win_0018.pt,UNKNOWN,eLearning_AdultEdIllnois,my-folder/eLearning_AdultEdIllnois.mp3,18
windows/eLearning_AdultEdIllnois/win_0019.pt,UNKNOWN,eLearning_AdultEdIllnois,my-folder/eLearning_AdultEdIllnois.mp3,19
windows/eLearning_AdultEdIllnois/win_0020.pt,UNKNOWN,eLearning_AdultEdIllnois,my-folder/eLearning_AdultEdIllnois.mp3,20
windows/eLearning_AdultEdIllnois/win_0021.pt,UNKNOWN,eLearning_AdultEdIllnois,my-folder/eLearning_AdultEdIllnois.mp3,21
windows/eLearning_AdultEdIllnois/win_0022.pt,UNKNOWN,eLearning_AdultEdIllnois,my-folder/eLearning_AdultEdIllnois.mp3,22
windows/eLearning_AdultEdIllnois/win_0023.pt,UNKNOWN,eLearning_AdultEdIllnois,my-folder/eLearning_AdultEdIllnois.mp3,23
windows/eLearning_AdultEdIllnois/win_0024.pt,UNKNOWN,eLearning_AdultEdIllnois,my-folder/eLearning_AdultEdIllnois.mp3,24
windows/eLearning_AdultEdIllnois/win_0025.pt,UNKNOWN,eLearning_AdultEdIllnois,my-folder/eLearning_AdultEdIllnois.mp3,25
windows/eLearning_AdultEdIllnois/win_0026.pt,UNKNOWN,eLearning_AdultEdIllnois,my-folder/eLearning_AdultEdIllnois.mp3,26
windows/eLearning_AdultEdIllnois/win_0027.pt,UNKNOWN,eLearning_AdultEdIllnois,my-folder/eLearning_AdultEdIllnois.mp3,27
windows/eLearning_AdultEdIllnois/win_0028.pt,UNKNOWN,eLearning_AdultEdIllnois,my-folder/eLearning_AdultEdIllnois.mp3,28
windows/eLearning_AdultEdIllnois/win_0030.pt,UNKNOWN,eLearning_AdultEdIllnois,my-folder/eLearning_AdultEdIllnois.mp3,30
windows/eLearning_AdultEdIllnois/win_0031.pt,UNKNOWN,eLearning_AdultEdIllnois,my-folder/eLearning_AdultEdIllnois.mp3,31
windows/eLearning_AdultEdIllnois/win_0032.pt,UNKNOWN,eLearning_AdultEdIllnois,my-folder/eLearning_AdultEdIllnois.mp3,32
windows/eLearning_AdultEdIllnois/win_0033.pt,UNKNOWN,eLearning_AdultEdIllnois,my-folder/eLearning_AdultEdIllnois.mp3,33
windows/eLearning_AdultEdIllnois/win_0034.pt,UNKNOWN,eLearning_AdultEdIllnois,my-folder/eLearning_AdultEdIllnois.mp3,34
windows/eLearning_AdultEdIllnois/win_0035.pt,UNKNOWN,eLearning_AdultEdIllnois,my-folder/eLearning_AdultEdIllnois.mp3,35
windows/eLearning_AdultEdIllnois/win_0036.pt,UNKNOWN,eLearning_AdultEdIllnois,my-folder/eLearning_AdultEdIllnois.mp3,36
windows/eLearning_AdultEdIllnois/win_0037.pt,UNKNOWN,eLearning_AdultEdIllnois,my-folder/eLearning_AdultEdIllnois.mp3,37
windows/eLearning_AdultEdIllnois/win_0038.pt,UNKNOWN,eLearning_AdultEdIllnois,my-folder/eLearning_AdultEdIllnois.mp3,38
windows/eLearning_AdultEdIllnois/win_0039.pt,UNKNOWN,eLearning_AdultEdIllnois,my-folder/eLearning_AdultEdIllnois.mp3,39
windows/eLearning_AdultEdIllnois/win_0040.pt,UNKNOWN,eLearning_AdultEdIllnois,my-folder/eLearning_AdultEdIllnois.mp3,40
windows/eLearning_AdultEdIllnois/win_0041.pt,UNKNOWN,eLearning_AdultEdIllnois,my-folder/eLearning_AdultEdIllnois.mp3,41
windows/eLearning_AdultEdIllnois/win_0042.pt,UNKNOWN,eLearning_AdultEdIllnois,my-folder/eLearning_AdultEdIllnois.mp3,42
windows/eLearning_AdultEdIllnois/win_0043.pt,UNKNOWN,eLearning_AdultEdIllnois,my-folder/eLearning_AdultEdIllnois.mp3,43
windows/eLearning_AdultEdIllnois/win_0044.pt,UNKNOWN,eLearning_AdultEdIllnois,my-folder/eLearning_AdultEdIllnois.mp3,44
windows/eLearning_AdultEdIllnois/win_0045.pt,UNKNOWN,eLearning_AdultEdIllnois,my-folder/eLearning_AdultEdIllnois.mp3,45
windows/eLearning_AdultEdIllnois/win_0046.pt,UNKNOWN,eLearning_AdultEdIllnois,my-folder/eLearning_AdultEdIllnois.mp3,46
windows/eLearning_AdultEdIllnois/win_0047.pt,UNKNOWN,eLearning_AdultEdIllnois,my-folder/eLearning_AdultEdIllnois.mp3,47
windows/eLearning_AdultEdIllnois/win_0048.pt,UNKNOWN,eLearning_AdultEdIllnois,my-folder/eLearning_AdultEdIllnois.mp3,48
windows/eLearning_AdultEdIllnois/win_0049.pt,UNKNOWN,eLearning_AdultEdIllnois,my-folder/eLearning_AdultEdIllnois.mp3,49
windows/eLearning_AdultEdIllnois/win_0050.pt,UNKNOWN,eLearning_AdultEdIllnois,my-folder/eLearning_AdultEdIllnois.mp3,50
windows/eLearning_AdultEdIllnois/win_0051.pt,UNKNOWN,eLearning_AdultEdIllnois,my-folder/eLearning_AdultEdIllnois.mp3,51
windows/eLearning_AdultEdIllnois/win_0052.pt,UNKNOWN,eLearning_AdultEdIllnois,my-folder/eLearning_AdultEdIllnois.mp3,52
windows/elearning_BCP/win_0000.pt,UNKNOWN,elearning_BCP,my-folder/elearning_BCP.mp3,0
windows/elearning_BCP/win_0001.pt,UNKNOWN,elearning_BCP,my-folder/elearning_BCP.mp3,1
windows/elearning_BCP/win_0002.pt,UNKNOWN,elearning_BCP,my-folder/elearning_BCP.mp3,2
windows/elearning_BCP/win_0003.pt,UNKNOWN,elearning_BCP,my-folder/elearning_BCP.mp3,3
windows/elearning_BCP/win_0004.pt,UNKNOWN,elearning_BCP,my-folder/elearning_BCP.mp3,4
windows/elearning_BCP/win_0005.pt,UNKNOWN,elearning_BCP,my-folder/elearning_BCP.mp3,5
windows/elearning_BCP/win_0006.pt,UNKNOWN,elearning_BCP,my-folder/elearning_BCP.mp3,6
windows/elearning_BCP/win_0007.pt,UNKNOWN,elearning_BCP,my-folder/elearning_BCP.mp3,7
windows/elearning_BCP/win_0008.pt,UNKNOWN,elearning_BCP,my-folder/elearning_BCP.mp3,8
windows/elearning_BCP/win_0009.pt,UNKNOWN,elearning_BCP,my-folder/elearning_BCP.mp3,9
windows/elearning_BCP/win_0010.pt,UNKNOWN,elearning_BCP,my-folder/elearning_BCP.mp3,10
windows/elearning_BCP/win_0011.pt,UNKNOWN,elearning_BCP,my-folder/elearning_BCP.mp3,11
windows/elearning_BCP/win_0012.pt,UNKNOWN,elearning_BCP,my-folder/elearning_BCP.mp3,12
windows/elearning_BCP/win_0013.pt,UNKNOWN,elearning_BCP,my-folder/elearning_BCP.mp3,13
windows/elearning_BCP/win_0014.pt,UNKNOWN,elearning_BCP,my-folder/elearning_BCP.mp3,14
windows/elearning_BCP/win_0015.pt,UNKNOWN,elearning_BCP,my-folder/elearning_BCP.mp3,15
windows/elearning_BCP/win_0016.pt,UNKNOWN,elearning_BCP,my-folder/elearning_BCP.mp3,16
windows/elearning_BCP/win_0017.pt,UNKNOWN,elearning_BCP,my-folder/elearning_BCP.mp3,17
windows/elearning_BCP/win_0018.pt,UNKNOWN,elearning_BCP,my-folder/elearning_BCP.mp3,18
windows/elearning_BCP/win_0019.pt,UNKNOWN,elearning_BCP,my-folder/elearning_BCP.mp3,19
windows/elearning_BCP/win_0020.pt,UNKNOWN,elearning_BCP,my-folder/elearning_BCP.mp3,20
windows/elearning_BCP/win_0021.pt,UNKNOWN,elearning_BCP,my-folder/elearning_BCP.mp3,21
windows/elearning_BCP/win_0022.pt,UNKNOWN,elearning_BCP,my-folder/elearning_BCP.mp3,22
windows/elearning_BCP/win_0023.pt,UNKNOWN,elearning_BCP,my-folder/elearning_BCP.mp3,23
windows/elearning_BCP/win_0024.pt,UNKNOWN,elearning_BCP,my-folder/elearning_BCP.mp3,24
windows/elearning_BCP/win_0025.pt,UNKNOWN,elearning_BCP,my-folder/elearning_BCP.mp3,25
windows/elearning_BCP/win_0026.pt,UNKNOWN,elearning_BCP,my-folder/elearning_BCP.mp3,26
windows/elearning_BCP/win_0027.pt,UNKNOWN,elearning_BCP,my-folder/elearning_BCP.mp3,27
windows/elearning_BCP/win_0028.pt,UNKNOWN,elearning_BCP,my-folder/elearning_BCP.mp3,28
windows/elearning_BCP/win_0029.pt,UNKNOWN,elearning_BCP,my-folder/elearning_BCP.mp3,29
windows/elearning_BCP/win_0030.pt,UNKNOWN,elearning_BCP,my-folder/elearning_BCP.mp3,30
windows/elearning_BCP/win_0032.pt,UNKNOWN,elearning_BCP,my-folder/elearning_BCP.mp3,32
windows/elearning_BCP/win_0033.pt,UNKNOWN,elearning_BCP,my-folder/elearning_BCP.mp3,33
windows/elearning_BCP/win_0034.pt,UNKNOWN,elearning_BCP,my-folder/elearning_BCP.mp3,34
windows/elearning_BCP/win_0035.pt,UNKNOWN,elearning_BCP,my-folder/elearning_BCP.mp3,35
windows/elearning_BCP/win_0036.pt,UNKNOWN,elearning_BCP,my-folder/elearning_BCP.mp3,36
windows/elearning_BCP/win_0037.pt,UNKNOWN,elearning_BCP,my-folder/elearning_BCP.mp3,37
windows/elearning_BCP/win_0038.pt,UNKNOWN,elearning_BCP,my-folder/elearning_BCP.mp3,38
windows/elearning_BCP/win_0039.pt,UNKNOWN,elearning_BCP,my-folder/elearning_BCP.mp3,39
windows/elearning_BCP/win_0040.pt,UNKNOWN,elearning_BCP,my-folder/elearning_BCP.mp3,40
windows/elearning_BCP/win_0041.pt,UNKNOWN,elearning_BCP,my-folder/elearning_BCP.mp3,41
windows/elearning_BCP/win_0042.pt,UNKNOWN,elearning_BCP,my-folder/elearning_BCP.mp3,42
windows/elearning_BCP/win_0043.pt,UNKNOWN,elearning_BCP,my-folder/elearning_BCP.mp3,43
windows/elearning_BCP/win_0044.pt,UNKNOWN,elearning_BCP,my-folder/elearning_BCP.mp3,44
windows/elearning_BCP/win_0046.pt,UNKNOWN,elearning_BCP,my-folder/elearning_BCP.mp3,46
windows/elearning_BCP/win_0047.pt,UNKNOWN,elearning_BCP,my-folder/elearning_BCP.mp3,47
windows/elearning_BCP/win_0048.pt,UNKNOWN,elearning_BCP,my-folder/elearning_BCP.mp3,48
windows/elearning_BCP/win_0049.pt,UNKNOWN,elearning_BCP,my-folder/elearning_BCP.mp3,49
windows/elearning_BCP/win_0050.pt,UNKNOWN,elearning_BCP,my-folder/elearning_BCP.mp3,50
windows/elearning_BCP/win_0051.pt,UNKNOWN,elearning_BCP,my-folder/elearning_BCP.mp3,51
windows/elearning_BCP/win_0052.pt,UNKNOWN,elearning_BCP,my-folder/elearning_BCP.mp3,52
windows/elearning_BCP/win_0053.pt,UNKNOWN,elearning_BCP,my-folder/elearning_BCP.mp3,53
windows/elearning_BCP/win_0054.pt,UNKNOWN,elearning_BCP,my-folder/elearning_BCP.mp3,54
windows/elearning_BCP/win_0055.pt,UNKNOWN,elearning_BCP,my-folder/elearning_BCP.mp3,55
windows/elearning_BCP/win_0056.pt,UNKNOWN,elearning_BCP,my-folder/elearning_BCP.mp3,56
windows/elearning_BCP/win_0057.pt,UNKNOWN,elearning_BCP,my-folder/elearning_BCP.mp3,57
windows/elearning_BCP/win_0058.pt,UNKNOWN,elearning_BCP,my-folder/elearning_BCP.mp3,58
windows/elearning_BCP/win_0059.pt,UNKNOWN,elearning_BCP,my-folder/elearning_BCP.mp3,59
windows/elearning_BCP/win_0060.pt,UNKNOWN,elearning_BCP,my-folder/elearning_BCP.mp3,60
windows/elearning_BCP/win_0061.pt,UNKNOWN,elearning_BCP,my-folder/elearning_BCP.mp3,61
windows/elearning_BCP/win_0062.pt,UNKNOWN,elearning_BCP,my-folder/elearning_BCP.mp3,62
windows/elearning_BCP/win_0063.pt,UNKNOWN,elearning_BCP,my-folder/elearning_BCP.mp3,63
windows/elearning_BCP/win_0064.pt,UNKNOWN,elearning_BCP,my-folder/elearning_BCP.mp3,64
windows/elearning_BCP/win_0065.pt,UNKNOWN,elearning_BCP,my-folder/elearning_BCP.mp3,65
windows/elearning_BCP/win_0066.pt,UNKNOWN,elearning_BCP,my-folder/elearning_BCP.mp3,66
windows/elearning_BCP/win_0067.pt,UNKNOWN,elearning_BCP,my-folder/elearning_BCP.mp3,67
windows/elearning_BCP/win_0068.pt,UNKNOWN,elearning_BCP,my-folder/elearning_BCP.mp3,68
windows/elearning_BCP/win_0069.pt,UNKNOWN,elearning_BCP,my-folder/elearning_BCP.mp3,69
windows/elearning_BCP/win_0070.pt,UNKNOWN,elearning_BCP,my-folder/elearning_BCP.mp3,70
windows/elearning_BCP/win_0071.pt,UNKNOWN,elearning_BCP,my-folder/elearning_BCP.mp3,71
windows/elearning_BCP/win_0072.pt,UNKNOWN,elearning_BCP,my-folder/elearning_BCP.mp3,72
windows/elearning_BCP/win_0073.pt,UNKNOWN,elearning_BCP,my-folder/elearning_BCP.mp3,73
windows/elearning_BCP/win_0074.pt,UNKNOWN,elearning_BCP,my-folder/elearning_BCP.mp3,74
windows/FlipkartJeeves_demo_short/win_0000.pt,UNKNOWN,FlipkartJeeves_demo_short,my-folder/FlipkartJeeves_demo_short.mp3,0
windows/FlipkartJeeves_demo_short/win_0001.pt,UNKNOWN,FlipkartJeeves_demo_short,my-folder/FlipkartJeeves_demo_short.mp3,1
windows/FlipkartJeeves_demo_short/win_0002.pt,UNKNOWN,FlipkartJeeves_demo_short,my-folder/FlipkartJeeves_demo_short.mp3,2
windows/FlipkartJeeves_demo_short/win_0003.pt,UNKNOWN,FlipkartJeeves_demo_short,my-folder/FlipkartJeeves_demo_short.mp3,3
windows/FlipkartJeeves_demo_short/win_0004.pt,UNKNOWN,FlipkartJeeves_demo_short,my-folder/FlipkartJeeves_demo_short.mp3,4
windows/FlipkartJeeves_demo_short/win_0005.pt,UNKNOWN,FlipkartJeeves_demo_short,my-folder/FlipkartJeeves_demo_short.mp3,5
windows/FlipkartJeeves_demo_short/win_0006.pt,UNKNOWN,FlipkartJeeves_demo_short,my-folder/FlipkartJeeves_demo_short.mp3,6
windows/FlipkartJeeves_demo_short/win_0007.pt,UNKNOWN,FlipkartJeeves_demo_short,my-folder/FlipkartJeeves_demo_short.mp3,7
windows/FlipkartJeeves_demo_short/win_0008.pt,UNKNOWN,FlipkartJeeves_demo_short,my-folder/FlipkartJeeves_demo_short.mp3,8
windows/FlipkartJeeves_demo_short/win_0009.pt,UNKNOWN,FlipkartJeeves_demo_short,my-folder/FlipkartJeeves_demo_short.mp3,9
windows/FlipkartJeeves_demo_short/win_0010.pt,UNKNOWN,FlipkartJeeves_demo_short,my-folder/FlipkartJeeves_demo_short.mp3,10
windows/FlipkartJeeves_demo_short/win_0011.pt,UNKNOWN,FlipkartJeeves_demo_short,my-folder/FlipkartJeeves_demo_short.mp3,11
windows/FlipkartJeeves_demo_short/win_0012.pt,UNKNOWN,FlipkartJeeves_demo_short,my-folder/FlipkartJeeves_demo_short.mp3,12
windows/FlipkartJeeves_demo_short/win_0013.pt,UNKNOWN,FlipkartJeeves_demo_short,my-folder/FlipkartJeeves_demo_short.mp3,13
windows/FlipkartJeeves_demo_short/win_0014.pt,UNKNOWN,FlipkartJeeves_demo_short,my-folder/FlipkartJeeves_demo_short.mp3,14
windows/FlipkartJeeves_demo_short/win_0015.pt,UNKNOWN,FlipkartJeeves_demo_short,my-folder/FlipkartJeeves_demo_short.mp3,15
windows/FlipkartJeeves_demo_short/win_0016.pt,UNKNOWN,FlipkartJeeves_demo_short,my-folder/FlipkartJeeves_demo_short.mp3,16
windows/FlipkartJeeves_demo_short/win_0017.pt,UNKNOWN,FlipkartJeeves_demo_short,my-folder/FlipkartJeeves_demo_short.mp3,17
windows/FlipkartJeeves_demo_short/win_0018.pt,UNKNOWN,FlipkartJeeves_demo_short,my-folder/FlipkartJeeves_demo_short.mp3,18
windows/FlipkartJeeves_demo_short/win_0019.pt,UNKNOWN,FlipkartJeeves_demo_short,my-folder/FlipkartJeeves_demo_short.mp3,19
windows/FlipkartJeeves_demo_short/win_0020.pt,UNKNOWN,FlipkartJeeves_demo_short,my-folder/FlipkartJeeves_demo_short.mp3,20
windows/FlipkartJeeves_demo_short/win_0021.pt,UNKNOWN,FlipkartJeeves_demo_short,my-folder/FlipkartJeeves_demo_short.mp3,21
windows/FlipkartJeeves_demo_short/win_0022.pt,UNKNOWN,FlipkartJeeves_demo_short,my-folder/FlipkartJeeves_demo_short.mp3,22
windows/FlipkartJeeves_demo_short/win_0023.pt,UNKNOWN,FlipkartJeeves_demo_short,my-folder/FlipkartJeeves_demo_short.mp3,23
windows/FlipkartJeeves_demo_short/win_0024.pt,UNKNOWN,FlipkartJeeves_demo_short,my-folder/FlipkartJeeves_demo_short.mp3,24
windows/FlipkartJeeves_demo_short/win_0025.pt,UNKNOWN,FlipkartJeeves_demo_short,my-folder/FlipkartJeeves_demo_short.mp3,25
windows/FlipkartJeeves_demo_short/win_0026.pt,UNKNOWN,FlipkartJeeves_demo_short,my-folder/FlipkartJeeves_demo_short.mp3,26
windows/FlipkartJeeves_demo_short/win_0027.pt,UNKNOWN,FlipkartJeeves_demo_short,my-folder/FlipkartJeeves_demo_short.mp3,27
windows/FlipkartJeeves_demo_short/win_0028.pt,UNKNOWN,FlipkartJeeves_demo_short,my-folder/FlipkartJeeves_demo_short.mp3,28
windows/FlipkartJeeves_demo_short/win_0029.pt,UNKNOWN,FlipkartJeeves_demo_short,my-folder/FlipkartJeeves_demo_short.mp3,29
windows/FlipkartJeeves_demo_short/win_0030.pt,UNKNOWN,FlipkartJeeves_demo_short,my-folder/FlipkartJeeves_demo_short.mp3,30
windows/FlipkartJeeves_demo_short/win_0031.pt,UNKNOWN,FlipkartJeeves_demo_short,my-folder/FlipkartJeeves_demo_short.mp3,31
windows/FlipkartJeeves_demo_short/win_0032.pt,UNKNOWN,FlipkartJeeves_demo_short,my-folder/FlipkartJeeves_demo_short.mp3,32
windows/FlipkartJeeves_demo_short/win_0033.pt,UNKNOWN,FlipkartJeeves_demo_short,my-folder/FlipkartJeeves_demo_short.mp3,33
windows/FlipkartJeeves_demo_short/win_0034.pt,UNKNOWN,FlipkartJeeves_demo_short,my-folder/FlipkartJeeves_demo_short.mp3,34
windows/FlipkartJeeves_demo_short/win_0035.pt,UNKNOWN,FlipkartJeeves_demo_short,my-folder/FlipkartJeeves_demo_short.mp3,35
windows/FlipkartJeeves_demo_short/win_0036.pt,UNKNOWN,FlipkartJeeves_demo_short,my-folder/FlipkartJeeves_demo_short.mp3,36
windows/FlipkartJeeves_demo_short/win_0037.pt,UNKNOWN,FlipkartJeeves_demo_short,my-folder/FlipkartJeeves_demo_short.mp3,37
windows/FlipkartJeeves_demo_short/win_0038.pt,UNKNOWN,FlipkartJeeves_demo_short,my-folder/FlipkartJeeves_demo_short.mp3,38
windows/FlipkartJeeves_demo_short/win_0039.pt,UNKNOWN,FlipkartJeeves_demo_short,my-folder/FlipkartJeeves_demo_short.mp3,39
windows/FlipkartJeeves_demo_short/win_0040.pt,UNKNOWN,FlipkartJeeves_demo_short,my-folder/FlipkartJeeves_demo_short.mp3,40
windows/FlipkartJeeves_demo_short/win_0041.pt,UNKNOWN,FlipkartJeeves_demo_short,my-folder/FlipkartJeeves_demo_short.mp3,41
windows/FlipkartJeeves_demo_short/win_0042.pt,UNKNOWN,FlipkartJeeves_demo_short,my-folder/FlipkartJeeves_demo_short.mp3,42
windows/FlipkartJeeves_demo_short/win_0043.pt,UNKNOWN,FlipkartJeeves_demo_short,my-folder/FlipkartJeeves_demo_short.mp3,43
windows/FlipkartJeeves_demo_short/win_0044.pt,UNKNOWN,FlipkartJeeves_demo_short,my-folder/FlipkartJeeves_demo_short.mp3,44
windows/FlipkartJeeves_demo_short/win_0045.pt,UNKNOWN,FlipkartJeeves_demo_short,my-folder/FlipkartJeeves_demo_short.mp3,45
windows/FlipkartJeeves_demo_short/win_0046.pt,UNKNOWN,FlipkartJeeves_demo_short,my-folder/FlipkartJeeves_demo_short.mp3,46
windows/FlipkartJeeves_demo_short/win_0047.pt,UNKNOWN,FlipkartJeeves_demo_short,my-folder/FlipkartJeeves_demo_short.mp3,47
windows/FlipkartJeeves_demo_short/win_0048.pt,UNKNOWN,FlipkartJeeves_demo_short,my-folder/FlipkartJeeves_demo_short.mp3,48
windows/FlipkartJeeves_demo_short/win_0049.pt,UNKNOWN,FlipkartJeeves_demo_short,my-folder/FlipkartJeeves_demo_short.mp3,49
windows/FlipkartJeeves_demo_short/win_0050.pt,UNKNOWN,FlipkartJeeves_demo_short,my-folder/FlipkartJeeves_demo_short.mp3,50
windows/FlipkartJeeves_demo_short/win_0051.pt,UNKNOWN,FlipkartJeeves_demo_short,my-folder/FlipkartJeeves_demo_short.mp3,51
windows/FlipkartJeeves_demo_short/win_0052.pt,UNKNOWN,FlipkartJeeves_demo_short,my-folder/FlipkartJeeves_demo_short.mp3,52
windows/FlipkartJeeves_demo_short/win_0053.pt,UNKNOWN,FlipkartJeeves_demo_short,my-folder/FlipkartJeeves_demo_short.mp3,53
windows/FlipkartJeeves_demo_short/win_0054.pt,UNKNOWN,FlipkartJeeves_demo_short,my-folder/FlipkartJeeves_demo_short.mp3,54
windows/FlipkartJeeves_demo_short/win_0055.pt,UNKNOWN,FlipkartJeeves_demo_short,my-folder/FlipkartJeeves_demo_short.mp3,55
windows/FlipkartJeeves_demo_short/win_0056.pt,UNKNOWN,FlipkartJeeves_demo_short,my-folder/FlipkartJeeves_demo_short.mp3,56
windows/FlipkartJeeves_demo_short/win_0057.pt,UNKNOWN,FlipkartJeeves_demo_short,my-folder/FlipkartJeeves_demo_short.mp3,57
windows/FlipkartJeeves_demo_short/win_0058.pt,UNKNOWN,FlipkartJeeves_demo_short,my-folder/FlipkartJeeves_demo_short.mp3,58
windows/SC_AudioBook_Sukey/win_0000.pt,UNKNOWN,SC_AudioBook_Sukey,my-folder/SC_AudioBook_Sukey.wav,0
windows/SC_AudioBook_Sukey/win_0001.pt,UNKNOWN,SC_AudioBook_Sukey,my-folder/SC_AudioBook_Sukey.wav,1
windows/SC_AudioBook_Sukey/win_0002.pt,UNKNOWN,SC_AudioBook_Sukey,my-folder/SC_AudioBook_Sukey.wav,2
windows/SC_AudioBook_Sukey/win_0003.pt,UNKNOWN,SC_AudioBook_Sukey,my-folder/SC_AudioBook_Sukey.wav,3
windows/SC_AudioBook_Sukey/win_0004.pt,UNKNOWN,SC_AudioBook_Sukey,my-folder/SC_AudioBook_Sukey.wav,4
windows/SC_AudioBook_Sukey/win_0005.pt,UNKNOWN,SC_AudioBook_Sukey,my-folder/SC_AudioBook_Sukey.wav,5
windows/SC_AudioBook_Sukey/win_0006.pt,UNKNOWN,SC_AudioBook_Sukey,my-folder/SC_AudioBook_Sukey.wav,6
windows/SC_AudioBook_Sukey/win_0007.pt,UNKNOWN,SC_AudioBook_Sukey,my-folder/SC_AudioBook_Sukey.wav,7
windows/SC_AudioBook_Sukey/win_0008.pt,UNKNOWN,SC_AudioBook_Sukey,my-folder/SC_AudioBook_Sukey.wav,8
windows/SC_AudioBook_Sukey/win_0009.pt,UNKNOWN,SC_AudioBook_Sukey,my-folder/SC_AudioBook_Sukey.wav,9
windows/SC_AudioBook_Sukey/win_0010.pt,UNKNOWN,SC_AudioBook_Sukey,my-folder/SC_AudioBook_Sukey.wav,10
windows/SC_AudioBook_Sukey/win_0011.pt,UNKNOWN,SC_AudioBook_Sukey,my-folder/SC_AudioBook_Sukey.wav,11
windows/SC_AudioBook_Sukey/win_0012.pt,UNKNOWN,SC_AudioBook_Sukey,my-folder/SC_AudioBook_Sukey.wav,12
windows/SC_AudioBook_Sukey/win_0013.pt,UNKNOWN,SC_AudioBook_Sukey,my-folder/SC_AudioBook_Sukey.wav,13
windows/SC_AudioBook_Sukey/win_0014.pt,UNKNOWN,SC_AudioBook_Sukey,my-folder/SC_AudioBook_Sukey.wav,14
windows/SC_AudioBook_Sukey/win_0015.pt,UNKNOWN,SC_AudioBook_Sukey,my-folder/SC_AudioBook_Sukey.wav,15
windows/SC_AudioBook_Sukey/win_0016.pt,UNKNOWN,SC_AudioBook_Sukey,my-folder/SC_AudioBook_Sukey.wav,16
windows/SC_AudioBook_Sukey/win_0017.pt,UNKNOWN,SC_AudioBook_Sukey,my-folder/SC_AudioBook_Sukey.wav,17
windows/SC_AudioBook_Sukey/win_0018.pt,UNKNOWN,SC_AudioBook_Sukey,my-folder/SC_AudioBook_Sukey.wav,18
windows/SC_AudioBook_Sukey/win_0019.pt,UNKNOWN,SC_AudioBook_Sukey,my-folder/SC_AudioBook_Sukey.wav,19
windows/SC_AudioBook_Sukey/win_0020.pt,UNKNOWN,SC_AudioBook_Sukey,my-folder/SC_AudioBook_Sukey.wav,20
windows/SC_AudioBook_Sukey/win_0021.pt,UNKNOWN,SC_AudioBook_Sukey,my-folder/SC_AudioBook_Sukey.wav,21
windows/SC_AudioBook_Sukey/win_0022.pt,UNKNOWN,SC_AudioBook_Sukey,my-folder/SC_AudioBook_Sukey.wav,22
windows/SC_AudioBook_Sukey/win_0023.pt,UNKNOWN,SC_AudioBook_Sukey,my-folder/SC_AudioBook_Sukey.wav,23
windows/SC_AudioBook_Sukey/win_0024.pt,UNKNOWN,SC_AudioBook_Sukey,my-folder/SC_AudioBook_Sukey.wav,24
windows/SC_AudioBook_Sukey/win_0025.pt,UNKNOWN,SC_AudioBook_Sukey,my-folder/SC_AudioBook_Sukey.wav,25
windows/SC_AudioBook_Sukey/win_0026.pt,UNKNOWN,SC_AudioBook_Sukey,my-folder/SC_AudioBook_Sukey.wav,26
windows/SC_AudioBook_Sukey/win_0027.pt,UNKNOWN,SC_AudioBook_Sukey,my-folder/SC_AudioBook_Sukey.wav,27
windows/SC_AudioBook_Sukey/win_0028.pt,UNKNOWN,SC_AudioBook_Sukey,my-folder/SC_AudioBook_Sukey.wav,28
windows/SC_AudioBook_Sukey/win_0029.pt,UNKNOWN,SC_AudioBook_Sukey,my-folder/SC_AudioBook_Sukey.wav,29
windows/SC_AudioBook_Sukey/win_0030.pt,UNKNOWN,SC_AudioBook_Sukey,my-folder/SC_AudioBook_Sukey.wav,30
windows/SC_AudioBook_Sukey/win_0031.pt,UNKNOWN,SC_AudioBook_Sukey,my-folder/SC_AudioBook_Sukey.wav,31
windows/SC_AudioBook_Sukey/win_0032.pt,UNKNOWN,SC_AudioBook_Sukey,my-folder/SC_AudioBook_Sukey.wav,32
windows/SC_AudioBook_Sukey/win_0033.pt,UNKNOWN,SC_AudioBook_Sukey,my-folder/SC_AudioBook_Sukey.wav,33
windows/SC_AudioBook_Sukey/win_0034.pt,UNKNOWN,SC_AudioBook_Sukey,my-folder/SC_AudioBook_Sukey.wav,34
windows/SC_AudioBook_Sukey/win_0035.pt,UNKNOWN,SC_AudioBook_Sukey,my-folder/SC_AudioBook_Sukey.wav,35
windows/SC_AudioBook_Sukey/win_0036.pt,UNKNOWN,SC_AudioBook_Sukey,my-folder/SC_AudioBook_Sukey.wav,36
windows/SC_AudioBook_Sukey/win_0037.pt,UNKNOWN,SC_AudioBook_Sukey,my-folder/SC_AudioBook_Sukey.wav,37
windows/SC_AudioBook_Sukey/win_0038.pt,UNKNOWN,SC_AudioBook_Sukey,my-folder/SC_AudioBook_Sukey.wav,38
windows/SC_AudioBook_Sukey/win_0039.pt,UNKNOWN,SC_AudioBook_Sukey,my-folder/SC_AudioBook_Sukey.wav,39
windows/SC_AudioBook_Sukey/win_0040.pt,UNKNOWN,SC_AudioBook_Sukey,my-folder/SC_AudioBook_Sukey.wav,40
windows/SC_AudioBook_Sukey/win_0041.pt,UNKNOWN,SC_AudioBook_Sukey,my-folder/SC_AudioBook_Sukey.wav,41
windows/SC_AudioBook_Sukey/win_0042.pt,UNKNOWN,SC_AudioBook_Sukey,my-folder/SC_AudioBook_Sukey.wav,42
windows/SC_AudioBook_Sukey/win_0043.pt,UNKNOWN,SC_AudioBook_Sukey,my-folder/SC_AudioBook_Sukey.wav,43
windows/SC_AudioBook_Sukey/win_0044.pt,UNKNOWN,SC_AudioBook_Sukey,my-folder/SC_AudioBook_Sukey.wav,44
windows/SC_AudioBook_Sukey/win_0045.pt,UNKNOWN,SC_AudioBook_Sukey,my-folder/SC_AudioBook_Sukey.wav,45
windows/SC_AudioBook_Sukey/win_0046.pt,UNKNOWN,SC_AudioBook_Sukey,my-folder/SC_AudioBook_Sukey.wav,46
windows/SC_AudioBook_Sukey/win_0047.pt,UNKNOWN,SC_AudioBook_Sukey,my-folder/SC_AudioBook_Sukey.wav,47
windows/SC_AudioBook_Sukey/win_0048.pt,UNKNOWN,SC_AudioBook_Sukey,my-folder/SC_AudioBook_Sukey.wav,48
windows/SC_AudioBook_Sukey/win_0049.pt,UNKNOWN,SC_AudioBook_Sukey,my-folder/SC_AudioBook_Sukey.wav,49
windows/SC_AudioBook_Sukey/win_0050.pt,UNKNOWN,SC_AudioBook_Sukey,my-folder/SC_AudioBook_Sukey.wav,50
windows/SC_AudioBook_Sukey/win_0051.pt,UNKNOWN,SC_AudioBook_Sukey,my-folder/SC_AudioBook_Sukey.wav,51
windows/SC_AudioBook_Sukey/win_0052.pt,UNKNOWN,SC_AudioBook_Sukey,my-folder/SC_AudioBook_Sukey.wav,52
windows/SC_AudioBook_Sukey/win_0053.pt,UNKNOWN,SC_AudioBook_Sukey,my-folder/SC_AudioBook_Sukey.wav,53
windows/SC_AudioBook_Sukey/win_0054.pt,UNKNOWN,SC_AudioBook_Sukey,my-folder/SC_AudioBook_Sukey.wav,54
windows/SC_AudioBook_Sukey/win_0055.pt,UNKNOWN,SC_AudioBook_Sukey,my-folder/SC_AudioBook_Sukey.wav,55
windows/SC_AudioBook_Sukey/win_0056.pt,UNKNOWN,SC_AudioBook_Sukey,my-folder/SC_AudioBook_Sukey.wav,56
windows/SC_AudioBook_Sukey/win_0058.pt,UNKNOWN,SC_AudioBook_Sukey,my-folder/SC_AudioBook_Sukey.wav,58
windows/SC_AudioBook_Sukey/win_0059.pt,UNKNOWN,SC_AudioBook_Sukey,my-folder/SC_AudioBook_Sukey.wav,59
windows/SC_AudioBook_Sukey/win_0060.pt,UNKNOWN,SC_AudioBook_Sukey,my-folder/SC_AudioBook_Sukey.wav,60
windows/SC_AudioBook_Sukey/win_0062.pt,UNKNOWN,SC_AudioBook_Sukey,my-folder/SC_AudioBook_Sukey.wav,62
windows/SC_AudioBook_Sukey/win_0063.pt,UNKNOWN,SC_AudioBook_Sukey,my-folder/SC_AudioBook_Sukey.wav,63
windows/SC_AudioBook_Sukey/win_0064.pt,UNKNOWN,SC_AudioBook_Sukey,my-folder/SC_AudioBook_Sukey.wav,64
windows/SC_AudioBook_Sukey/win_0065.pt,UNKNOWN,SC_AudioBook_Sukey,my-folder/SC_AudioBook_Sukey.wav,65
windows/SC_AudioBook_Sukey/win_0066.pt,UNKNOWN,SC_AudioBook_Sukey,my-folder/SC_AudioBook_Sukey.wav,66
windows/SC_AudioBook_Sukey/win_0067.pt,UNKNOWN,SC_AudioBook_Sukey,my-folder/SC_AudioBook_Sukey.wav,67
windows/SC_AudioBook_Sukey/win_0068.pt,UNKNOWN,SC_AudioBook_Sukey,my-folder/SC_AudioBook_Sukey.wav,68
windows/SC_AudioBook_Sukey/win_0069.pt,UNKNOWN,SC_AudioBook_Sukey,my-folder/SC_AudioBook_Sukey.wav,69
windows/SC_AudioBook_Sukey/win_0070.pt,UNKNOWN,SC_AudioBook_Sukey,my-folder/SC_AudioBook_Sukey.wav,70
windows/SC_AudioBook_Sukey/win_0071.pt,UNKNOWN,SC_AudioBook_Sukey,my-folder/SC_AudioBook_Sukey.wav,71
windows/SC_AudioBook_Sukey/win_0072.pt,UNKNOWN,SC_AudioBook_Sukey,my-folder/SC_AudioBook_Sukey.wav,72
windows/SC_AudioBook_Sukey/win_0073.pt,UNKNOWN,SC_AudioBook_Sukey,my-folder/SC_AudioBook_Sukey.wav,73
windows/SC_AudioBook_Sukey/win_0074.pt,UNKNOWN,SC_AudioBook_Sukey,my-folder/SC_AudioBook_Sukey.wav,74
windows/SC_AudioBook_Sukey/win_0075.pt,UNKNOWN,SC_AudioBook_Sukey,my-folder/SC_AudioBook_Sukey.wav,75
windows/SC_AudioBook_Sukey/win_0076.pt,UNKNOWN,SC_AudioBook_Sukey,my-folder/SC_AudioBook_Sukey.wav,76
windows/SC_AudioBook_Sukey/win_0077.pt,UNKNOWN,SC_AudioBook_Sukey,my-folder/SC_AudioBook_Sukey.wav,77
windows/SC_AudioBook_Sukey/win_0078.pt,UNKNOWN,SC_AudioBook_Sukey,my-folder/SC_AudioBook_Sukey.wav,78
windows/SC_AudioBook_Sukey/win_0079.pt,UNKNOWN,SC_AudioBook_Sukey,my-folder/SC_AudioBook_Sukey.wav,79
windows/SC_AudioBook_Sukey/win_0080.pt,UNKNOWN,SC_AudioBook_Sukey,my-folder/SC_AudioBook_Sukey.wav,80
windows/SC_AudioBook_Sukey/win_0081.pt,UNKNOWN,SC_AudioBook_Sukey,my-folder/SC_AudioBook_Sukey.wav,81
windows/SC_AudioBook_Sukey/win_0082.pt,UNKNOWN,SC_AudioBook_Sukey,my-folder/SC_AudioBook_Sukey.wav,82
windows/SC_AudioBook_Sukey/win_0083.pt,UNKNOWN,SC_AudioBook_Sukey,my-folder/SC_AudioBook_Sukey.wav,83
windows/SC_AudioBook_Sukey/win_0084.pt,UNKNOWN,SC_AudioBook_Sukey,my-folder/SC_AudioBook_Sukey.wav,84
windows/SC_AudioBook_Sukey/win_0085.pt,UNKNOWN,SC_AudioBook_Sukey,my-folder/SC_AudioBook_Sukey.wav,85
windows/SC_AudioBook_Sukey/win_0086.pt,UNKNOWN,SC_AudioBook_Sukey,my-folder/SC_AudioBook_Sukey.wav,86
windows/SC_AudioBook_Sukey/win_0087.pt,UNKNOWN,SC_AudioBook_Sukey,my-folder/SC_AudioBook_Sukey.wav,87
windows/SC_AudioBook_Sukey/win_0088.pt,UNKNOWN,SC_AudioBook_Sukey,my-folder/SC_AudioBook_Sukey.wav,88
windows/SC_AudioBook_Sukey/win_0089.pt,UNKNOWN,SC_AudioBook_Sukey,my-folder/SC_AudioBook_Sukey.wav,89
windows/SC_AudioBook_Sukey/win_0090.pt,UNKNOWN,SC_AudioBook_Sukey,my-folder/SC_AudioBook_Sukey.wav,90
windows/SC_AudioBook_Sukey/win_0091.pt,UNKNOWN,SC_AudioBook_Sukey,my-folder/SC_AudioBook_Sukey.wav,91
windows/SC_AudioBook_Sukey/win_0092.pt,UNKNOWN,SC_AudioBook_Sukey,my-folder/SC_AudioBook_Sukey.wav,92
windows/SC_AudioBook_Sukey/win_0093.pt,UNKNOWN,SC_AudioBook_Sukey,my-folder/SC_AudioBook_Sukey.wav,93
windows/SC_AudioBook_Sukey/win_0094.pt,UNKNOWN,SC_AudioBook_Sukey,my-folder/SC_AudioBook_Sukey.wav,94
windows/SC_AudioBook_Sukey/win_0095.pt,UNKNOWN,SC_AudioBook_Sukey,my-folder/SC_AudioBook_Sukey.wav,95
windows/SC_AudioBook_Sukey/win_0096.pt,UNKNOWN,SC_AudioBook_Sukey,my-folder/SC_AudioBook_Sukey.wav,96
windows/SC_AudioBook_Sukey/win_0097.pt,UNKNOWN,SC_AudioBook_Sukey,my-folder/SC_AudioBook_Sukey.wav,97
windows/SC_AudioBook_Sukey/win_0098.pt,UNKNOWN,SC_AudioBook_Sukey,my-folder/SC_AudioBook_Sukey.wav,98
windows/SC_AudioBook_Sukey/win_0099.pt,UNKNOWN,SC_AudioBook_Sukey,my-folder/SC_AudioBook_Sukey.wav,99
windows/SC_AudioBook_Sukey/win_0101.pt,UNKNOWN,SC_AudioBook_Sukey,my-folder/SC_AudioBook_Sukey.wav,101
windows/SC_AudioBook_Sukey/win_0102.pt,UNKNOWN,SC_AudioBook_Sukey,my-folder/SC_AudioBook_Sukey.wav,102
windows/SC_AudioBook_Sukey/win_0103.pt,UNKNOWN,SC_AudioBook_Sukey,my-folder/SC_AudioBook_Sukey.wav,103
windows/SC_AudioBook_Sukey/win_0104.pt,UNKNOWN,SC_AudioBook_Sukey,my-folder/SC_AudioBook_Sukey.wav,104
windows/SC_AudioBook_Sukey/win_0105.pt,UNKNOWN,SC_AudioBook_Sukey,my-folder/SC_AudioBook_Sukey.wav,105
windows/SC_AudioBook_Sukey/win_0106.pt,UNKNOWN,SC_AudioBook_Sukey,my-folder/SC_AudioBook_Sukey.wav,106
windows/SC_AudioBook_Sukey/win_0107.pt,UNKNOWN,SC_AudioBook_Sukey,my-folder/SC_AudioBook_Sukey.wav,107
windows/SC_AudioBook_Sukey/win_0108.pt,UNKNOWN,SC_AudioBook_Sukey,my-folder/SC_AudioBook_Sukey.wav,108
windows/SC_AudioBook_Sukey/win_0109.pt,UNKNOWN,SC_AudioBook_Sukey,my-folder/SC_AudioBook_Sukey.wav,109
windows/SC_AudioBook_Sukey/win_0110.pt,UNKNOWN,SC_AudioBook_Sukey,my-folder/SC_AudioBook_Sukey.wav,110
windows/SC_AudioBook_Sukey/win_0111.pt,UNKNOWN,SC_AudioBook_Sukey,my-folder/SC_AudioBook_Sukey.wav,111
windows/SC_AudioBook_Sukey/win_0112.pt,UNKNOWN,SC_AudioBook_Sukey,my-folder/SC_AudioBook_Sukey.wav,112
windows/SC_AudioBook_Sukey/win_0113.pt,UNKNOWN,SC_AudioBook_Sukey,my-folder/SC_AudioBook_Sukey.wav,113
windows/SC_AudioBook_Sukey/win_0114.pt,UNKNOWN,SC_AudioBook_Sukey,my-folder/SC_AudioBook_Sukey.wav,114
windows/SC_AudioBook_Sukey/win_0115.pt,UNKNOWN,SC_AudioBook_Sukey,my-folder/SC_AudioBook_Sukey.wav,115
windows/SC_AudioBook_Sukey/win_0116.pt,UNKNOWN,SC_AudioBook_Sukey,my-folder/SC_AudioBook_Sukey.wav,116
windows/SC_AudioBook_Sukey/win_0117.pt,UNKNOWN,SC_AudioBook_Sukey,my-folder/SC_AudioBook_Sukey.wav,117
windows/SC_AudioBook_Sukey/win_0118.pt,UNKNOWN,SC_AudioBook_Sukey,my-folder/SC_AudioBook_Sukey.wav,118
windows/SC_AudioBook_Sukey/win_0119.pt,UNKNOWN,SC_AudioBook_Sukey,my-folder/SC_AudioBook_Sukey.wav,119
windows/SC_AudioBook_Sukey/win_0120.pt,UNKNOWN,SC_AudioBook_Sukey,my-folder/SC_AudioBook_Sukey.wav,120
windows/SC_AudioBook_Sukey/win_0121.pt,UNKNOWN,SC_AudioBook_Sukey,my-folder/SC_AudioBook_Sukey.wav,121
windows/SC_AudioBook_Sukey/win_0122.pt,UNKNOWN,SC_AudioBook_Sukey,my-folder/SC_AudioBook_Sukey.wav,122
windows/SC_AudioBook_Sukey/win_0123.pt,UNKNOWN,SC_AudioBook_Sukey,my-folder/SC_AudioBook_Sukey.wav,123
windows/SC_AudioBook_Sukey/win_0125.pt,UNKNOWN,SC_AudioBook_Sukey,my-folder/SC_AudioBook_Sukey.wav,125
windows/SC_AudioBook_Sukey/win_0126.pt,UNKNOWN,SC_AudioBook_Sukey,my-folder/SC_AudioBook_Sukey.wav,126
windows/SC_AudioBook_Sukey/win_0127.pt,UNKNOWN,SC_AudioBook_Sukey,my-folder/SC_AudioBook_Sukey.wav,127
windows/SC_AudioBook_Sukey/win_0128.pt,UNKNOWN,SC_AudioBook_Sukey,my-folder/SC_AudioBook_Sukey.wav,128
windows/SC_AudioBook_Sukey/win_0129.pt,UNKNOWN,SC_AudioBook_Sukey,my-folder/SC_AudioBook_Sukey.wav,129
windows/SC_AudioBook_Sukey/win_0130.pt,UNKNOWN,SC_AudioBook_Sukey,my-folder/SC_AudioBook_Sukey.wav,130
windows/SC_AudioBook_Sukey/win_0131.pt,UNKNOWN,SC_AudioBook_Sukey,my-folder/SC_AudioBook_Sukey.wav,131
windows/SC_AudioBook_Sukey/win_0133.pt,UNKNOWN,SC_AudioBook_Sukey,my-folder/SC_AudioBook_Sukey.wav,133
windows/SC_AudioBook_Sukey/win_0134.pt,UNKNOWN,SC_AudioBook_Sukey,my-folder/SC_AudioBook_Sukey.wav,134
windows/SC_AudioBook_Sukey/win_0135.pt,UNKNOWN,SC_AudioBook_Sukey,my-folder/SC_AudioBook_Sukey.wav,135
windows/SC_AudioBook_Sukey/win_0136.pt,UNKNOWN,SC_AudioBook_Sukey,my-folder/SC_AudioBook_Sukey.wav,136
windows/SC_AudioBook_Sukey/win_0137.pt,UNKNOWN,SC_AudioBook_Sukey,my-folder/SC_AudioBook_Sukey.wav,137
windows/SC_AudioBook_Sukey/win_0138.pt,UNKNOWN,SC_AudioBook_Sukey,my-folder/SC_AudioBook_Sukey.wav,138
windows/SC_AudioBook_Sukey/win_0139.pt,UNKNOWN,SC_AudioBook_Sukey,my-folder/SC_AudioBook_Sukey.wav,139
windows/SC_AudioBook_Sukey/win_0140.pt,UNKNOWN,SC_AudioBook_Sukey,my-folder/SC_AudioBook_Sukey.wav,140
windows/SC_AudioBook_Sukey/win_0141.pt,UNKNOWN,SC_AudioBook_Sukey,my-folder/SC_AudioBook_Sukey.wav,141
windows/SC_AudioBook_Sukey/win_0142.pt,UNKNOWN,SC_AudioBook_Sukey,my-folder/SC_AudioBook_Sukey.wav,142
windows/SC_AudioBook_Sukey/win_0143.pt,UNKNOWN,SC_AudioBook_Sukey,my-folder/SC_AudioBook_Sukey.wav,143
windows/SC_AudioBook_Sukey/win_0144.pt,UNKNOWN,SC_AudioBook_Sukey,my-folder/SC_AudioBook_Sukey.wav,144
windows/SC_AudioBook_Sukey/win_0145.pt,UNKNOWN,SC_AudioBook_Sukey,my-folder/SC_AudioBook_Sukey.wav,145
windows/SC_AudioBook_Sukey/win_0146.pt,UNKNOWN,SC_AudioBook_Sukey,my-folder/SC_AudioBook_Sukey.wav,146
windows/SC_AudioBook_Sukey/win_0147.pt,UNKNOWN,SC_AudioBook_Sukey,my-folder/SC_AudioBook_Sukey.wav,147
windows/SC_AudioBook_Sukey/win_0148.pt,UNKNOWN,SC_AudioBook_Sukey,my-folder/SC_AudioBook_Sukey.wav,148
windows/SC_AudioBook_Sukey/win_0149.pt,UNKNOWN,SC_AudioBook_Sukey,my-folder/SC_AudioBook_Sukey.wav,149
windows/SC_AudioBook_Sukey/win_0150.pt,UNKNOWN,SC_AudioBook_Sukey,my-folder/SC_AudioBook_Sukey.wav,150
windows/SC_AudioBook_Sukey/win_0151.pt,UNKNOWN,SC_AudioBook_Sukey,my-folder/SC_AudioBook_Sukey.wav,151
windows/SC_AudioBook_Sukey/win_0152.pt,UNKNOWN,SC_AudioBook_Sukey,my-folder/SC_AudioBook_Sukey.wav,152
windows/SC_AudioBook_Sukey/win_0153.pt,UNKNOWN,SC_AudioBook_Sukey,my-folder/SC_AudioBook_Sukey.wav,153
windows/SC_AudioBook_Sukey/win_0154.pt,UNKNOWN,SC_AudioBook_Sukey,my-folder/SC_AudioBook_Sukey.wav,154
windows/SC_AudioBook_Sukey/win_0155.pt,UNKNOWN,SC_AudioBook_Sukey,my-folder/SC_AudioBook_Sukey.wav,155
windows/SC_AudioBook_Sukey/win_0156.pt,UNKNOWN,SC_AudioBook_Sukey,my-folder/SC_AudioBook_Sukey.wav,156
windows/SC_AudioBook_Sukey/win_0157.pt,UNKNOWN,SC_AudioBook_Sukey,my-folder/SC_AudioBook_Sukey.wav,157
windows/SC_AudioBook_Sukey/win_0158.pt,UNKNOWN,SC_AudioBook_Sukey,my-folder/SC_AudioBook_Sukey.wav,158
windows/SC_AudioBook_Sukey/win_0160.pt,UNKNOWN,SC_AudioBook_Sukey,my-folder/SC_AudioBook_Sukey.wav,160
windows/SC_AudioBook_Sukey/win_0161.pt,UNKNOWN,SC_AudioBook_Sukey,my-folder/SC_AudioBook_Sukey.wav,161
windows/SC_AudioBook_Sukey/win_0162.pt,UNKNOWN,SC_AudioBook_Sukey,my-folder/SC_AudioBook_Sukey.wav,162
windows/SC_AudioBook_Sukey/win_0163.pt,UNKNOWN,SC_AudioBook_Sukey,my-folder/SC_AudioBook_Sukey.wav,163
windows/SC_AudioBook_Sukey/win_0164.pt,UNKNOWN,SC_AudioBook_Sukey,my-folder/SC_AudioBook_Sukey.wav,164
windows/SC_AudioBook_Sukey/win_0165.pt,UNKNOWN,SC_AudioBook_Sukey,my-folder/SC_AudioBook_Sukey.wav,165
windows/SC_AudioBook_Sukey/win_0166.pt,UNKNOWN,SC_AudioBook_Sukey,my-folder/SC_AudioBook_Sukey.wav,166
windows/SC_AudioBook_Sukey/win_0167.pt,UNKNOWN,SC_AudioBook_Sukey,my-folder/SC_AudioBook_Sukey.wav,167
windows/SC_AudioBook_Sukey/win_0168.pt,UNKNOWN,SC_AudioBook_Sukey,my-folder/SC_AudioBook_Sukey.wav,168
windows/SC_AudioBook_Sukey/win_0169.pt,UNKNOWN,SC_AudioBook_Sukey,my-folder/SC_AudioBook_Sukey.wav,169
windows/SC_AudioBook_Sukey/win_0170.pt,UNKNOWN,SC_AudioBook_Sukey,my-folder/SC_AudioBook_Sukey.wav,170
windows/SC_AudioBook_Sukey/win_0171.pt,UNKNOWN,SC_AudioBook_Sukey,my-folder/SC_AudioBook_Sukey.wav,171
windows/SC_AudioBook_Sukey/win_0172.pt,UNKNOWN,SC_AudioBook_Sukey,my-folder/SC_AudioBook_Sukey.wav,172
windows/SC_AudioBook_Sukey/win_0173.pt,UNKNOWN,SC_AudioBook_Sukey,my-folder/SC_AudioBook_Sukey.wav,173
windows/SC_AudioBook_Sukey/win_0174.pt,UNKNOWN,SC_AudioBook_Sukey,my-folder/SC_AudioBook_Sukey.wav,174
windows/SC_AudioBook_Sukey/win_0175.pt,UNKNOWN,SC_AudioBook_Sukey,my-folder/SC_AudioBook_Sukey.wav,175
windows/SC_AudioBook_Sukey/win_0176.pt,UNKNOWN,SC_AudioBook_Sukey,my-folder/SC_AudioBook_Sukey.wav,176
windows/SC_AudioBook_Sukey/win_0177.pt,UNKNOWN,SC_AudioBook_Sukey,my-folder/SC_AudioBook_Sukey.wav,177
windows/SC_AudioBook_Sukey/win_0178.pt,UNKNOWN,SC_AudioBook_Sukey,my-folder/SC_AudioBook_Sukey.wav,178
windows/SC_AudioBook_Sukey/win_0179.pt,UNKNOWN,SC_AudioBook_Sukey,my-folder/SC_AudioBook_Sukey.wav,179
windows/SC_AudioBook_Sukey/win_0180.pt,UNKNOWN,SC_AudioBook_Sukey,my-folder/SC_AudioBook_Sukey.wav,180
windows/SC_AudioBook_Sukey/win_0181.pt,UNKNOWN,SC_AudioBook_Sukey,my-folder/SC_AudioBook_Sukey.wav,181
windows/SC_AudioBook_Sukey/win_0182.pt,UNKNOWN,SC_AudioBook_Sukey,my-folder/SC_AudioBook_Sukey.wav,182
windows/SC_AudioBook_Sukey/win_0183.pt,UNKNOWN,SC_AudioBook_Sukey,my-folder/SC_AudioBook_Sukey.wav,183
windows/SC_AudioBook_Sukey/win_0184.pt,UNKNOWN,SC_AudioBook_Sukey,my-folder/SC_AudioBook_Sukey.wav,184
windows/SC_AudioBook_Sukey/win_0185.pt,UNKNOWN,SC_AudioBook_Sukey,my-folder/SC_AudioBook_Sukey.wav,185
windows/SC_AudioBook_Sukey/win_0186.pt,UNKNOWN,SC_AudioBook_Sukey,my-folder/SC_AudioBook_Sukey.wav,186
windows/SC_AudioBook_Sukey/win_0187.pt,UNKNOWN,SC_AudioBook_Sukey,my-folder/SC_AudioBook_Sukey.wav,187
windows/SC_AudioBook_Sukey/win_0188.pt,UNKNOWN,SC_AudioBook_Sukey,my-folder/SC_AudioBook_Sukey.wav,188
windows/Susheel_C_AudioBook-Ancient Ideals In Modern Life/win_0000.pt,UNKNOWN,Susheel_C_AudioBook-Ancient Ideals In Modern Life,my-folder/Susheel_C_AudioBook-Ancient Ideals In Modern Life.mp3,0
windows/Susheel_C_AudioBook-Ancient Ideals In Modern Life/win_0001.pt,UNKNOWN,Susheel_C_AudioBook-Ancient Ideals In Modern Life,my-folder/Susheel_C_AudioBook-Ancient Ideals In Modern Life.mp3,1
windows/Susheel_C_AudioBook-Ancient Ideals In Modern Life/win_0002.pt,UNKNOWN,Susheel_C_AudioBook-Ancient Ideals In Modern Life,my-folder/Susheel_C_AudioBook-Ancient Ideals In Modern Life.mp3,2
windows/Susheel_C_AudioBook-Ancient Ideals In Modern Life/win_0003.pt,UNKNOWN,Susheel_C_AudioBook-Ancient Ideals In Modern Life,my-folder/Susheel_C_AudioBook-Ancient Ideals In Modern Life.mp3,3
windows/Susheel_C_AudioBook-Ancient Ideals In Modern Life/win_0004.pt,UNKNOWN,Susheel_C_AudioBook-Ancient Ideals In Modern Life,my-folder/Susheel_C_AudioBook-Ancient Ideals In Modern Life.mp3,4
windows/Susheel_C_AudioBook-Ancient Ideals In Modern Life/win_0005.pt,UNKNOWN,Susheel_C_AudioBook-Ancient Ideals In Modern Life,my-folder/Susheel_C_AudioBook-Ancient Ideals In Modern Life.mp3,5
windows/Susheel_C_AudioBook-Ancient Ideals In Modern Life/win_0006.pt,UNKNOWN,Susheel_C_AudioBook-Ancient Ideals In Modern Life,my-folder/Susheel_C_AudioBook-Ancient Ideals In Modern Life.mp3,6
windows/Susheel_C_AudioBook-Ancient Ideals In Modern Life/win_0007.pt,UNKNOWN,Susheel_C_AudioBook-Ancient Ideals In Modern Life,my-folder/Susheel_C_AudioBook-Ancient Ideals In Modern Life.mp3,7
windows/Susheel_C_AudioBook-Ancient Ideals In Modern Life/win_0008.pt,UNKNOWN,Susheel_C_AudioBook-Ancient Ideals In Modern Life,my-folder/Susheel_C_AudioBook-Ancient Ideals In Modern Life.mp3,8
windows/Susheel_C_AudioBook-Ancient Ideals In Modern Life/win_0009.pt,UNKNOWN,Susheel_C_AudioBook-Ancient Ideals In Modern Life,my-folder/Susheel_C_AudioBook-Ancient Ideals In Modern Life.mp3,9
windows/Susheel_C_AudioBook-Ancient Ideals In Modern Life/win_0010.pt,UNKNOWN,Susheel_C_AudioBook-Ancient Ideals In Modern Life,my-folder/Susheel_C_AudioBook-Ancient Ideals In Modern Life.mp3,10
windows/Susheel_C_AudioBook-Ancient Ideals In Modern Life/win_0011.pt,UNKNOWN,Susheel_C_AudioBook-Ancient Ideals In Modern Life,my-folder/Susheel_C_AudioBook-Ancient Ideals In Modern Life.mp3,11
windows/Susheel_C_AudioBook-Ancient Ideals In Modern Life/win_0012.pt,UNKNOWN,Susheel_C_AudioBook-Ancient Ideals In Modern Life,my-folder/Susheel_C_AudioBook-Ancient Ideals In Modern Life.mp3,12
windows/Susheel_C_AudioBook-Ancient Ideals In Modern Life/win_0013.pt,UNKNOWN,Susheel_C_AudioBook-Ancient Ideals In Modern Life,my-folder/Susheel_C_AudioBook-Ancient Ideals In Modern Life.mp3,13
windows/Susheel_C_AudioBook-Ancient Ideals In Modern Life/win_0014.pt,UNKNOWN,Susheel_C_AudioBook-Ancient Ideals In Modern Life,my-folder/Susheel_C_AudioBook-Ancient Ideals In Modern Life.mp3,14
windows/Susheel_C_AudioBook-Ancient Ideals In Modern Life/win_0015.pt,UNKNOWN,Susheel_C_AudioBook-Ancient Ideals In Modern Life,my-folder/Susheel_C_AudioBook-Ancient Ideals In Modern Life.mp3,15
windows/Susheel_C_AudioBook-Ancient Ideals In Modern Life/win_0016.pt,UNKNOWN,Susheel_C_AudioBook-Ancient Ideals In Modern Life,my-folder/Susheel_C_AudioBook-Ancient Ideals In Modern Life.mp3,16
windows/Susheel_C_AudioBook-Ancient Ideals In Modern Life/win_0017.pt,UNKNOWN,Susheel_C_AudioBook-Ancient Ideals In Modern Life,my-folder/Susheel_C_AudioBook-Ancient Ideals In Modern Life.mp3,17
windows/Susheel_C_AudioBook-Ancient Ideals In Modern Life/win_0018.pt,UNKNOWN,Susheel_C_AudioBook-Ancient Ideals In Modern Life,my-folder/Susheel_C_AudioBook-Ancient Ideals In Modern Life.mp3,18
windows/Susheel_C_AudioBook-Ancient Ideals In Modern Life/win_0019.pt,UNKNOWN,Susheel_C_AudioBook-Ancient Ideals In Modern Life,my-folder/Susheel_C_AudioBook-Ancient Ideals In Modern Life.mp3,19
windows/Susheel_C_AudioBook-Ancient Ideals In Modern Life/win_0020.pt,UNKNOWN,Susheel_C_AudioBook-Ancient Ideals In Modern Life,my-folder/Susheel_C_AudioBook-Ancient Ideals In Modern Life.mp3,20
windows/Susheel_C_AudioBook-Ancient Ideals In Modern Life/win_0021.pt,UNKNOWN,Susheel_C_AudioBook-Ancient Ideals In Modern Life,my-folder/Susheel_C_AudioBook-Ancient Ideals In Modern Life.mp3,21
windows/Susheel_C_AudioBook-Ancient Ideals In Modern Life/win_0022.pt,UNKNOWN,Susheel_C_AudioBook-Ancient Ideals In Modern Life,my-folder/Susheel_C_AudioBook-Ancient Ideals In Modern Life.mp3,22
windows/Susheel_C_AudioBook-Ancient Ideals In Modern Life/win_0023.pt,UNKNOWN,Susheel_C_AudioBook-Ancient Ideals In Modern Life,my-folder/Susheel_C_AudioBook-Ancient Ideals In Modern Life.mp3,23
windows/Susheel_C_AudioBook-Ancient Ideals In Modern Life/win_0024.pt,UNKNOWN,Susheel_C_AudioBook-Ancient Ideals In Modern Life,my-folder/Susheel_C_AudioBook-Ancient Ideals In Modern Life.mp3,24
windows/Susheel_C_AudioBook-Ancient Ideals In Modern Life/win_0025.pt,UNKNOWN,Susheel_C_AudioBook-Ancient Ideals In Modern Life,my-folder/Susheel_C_AudioBook-Ancient Ideals In Modern Life.mp3,25
windows/Susheel_C_AudioBook-Ancient Ideals In Modern Life/win_0026.pt,UNKNOWN,Susheel_C_AudioBook-Ancient Ideals In Modern Life,my-folder/Susheel_C_AudioBook-Ancient Ideals In Modern Life.mp3,26
windows/Susheel_C_AudioBook-Ancient Ideals In Modern Life/win_0027.pt,UNKNOWN,Susheel_C_AudioBook-Ancient Ideals In Modern Life,my-folder/Susheel_C_AudioBook-Ancient Ideals In Modern Life.mp3,27
windows/Susheel_C_AudioBook-Ancient Ideals In Modern Life/win_0028.pt,UNKNOWN,Susheel_C_AudioBook-Ancient Ideals In Modern Life,my-folder/Susheel_C_AudioBook-Ancient Ideals In Modern Life.mp3,28
windows/Susheel_C_AudioBook-Ancient Ideals In Modern Life/win_0029.pt,UNKNOWN,Susheel_C_AudioBook-Ancient Ideals In Modern Life,my-folder/Susheel_C_AudioBook-Ancient Ideals In Modern Life.mp3,29
windows/Susheel_C_AudioBook-Ancient Ideals In Modern Life/win_0030.pt,UNKNOWN,Susheel_C_AudioBook-Ancient Ideals In Modern Life,my-folder/Susheel_C_AudioBook-Ancient Ideals In Modern Life.mp3,30
windows/Susheel_C_AudioBook-Ancient Ideals In Modern Life/win_0031.pt,UNKNOWN,Susheel_C_AudioBook-Ancient Ideals In Modern Life,my-folder/Susheel_C_AudioBook-Ancient Ideals In Modern Life.mp3,31
windows/Susheel_C_AudioBook-Ancient Ideals In Modern Life/win_0032.pt,UNKNOWN,Susheel_C_AudioBook-Ancient Ideals In Modern Life,my-folder/Susheel_C_AudioBook-Ancient Ideals In Modern Life.mp3,32
windows/Susheel_C_AudioBook-Ancient Ideals In Modern Life/win_0033.pt,UNKNOWN,Susheel_C_AudioBook-Ancient Ideals In Modern Life,my-folder/Susheel_C_AudioBook-Ancient Ideals In Modern Life.mp3,33
windows/Susheel_C_AudioBook-Ancient Ideals In Modern Life/win_0034.pt,UNKNOWN,Susheel_C_AudioBook-Ancient Ideals In Modern Life,my-folder/Susheel_C_AudioBook-Ancient Ideals In Modern Life.mp3,34
windows/Susheel_C_AudioBook-Ancient Ideals In Modern Life/win_0035.pt,UNKNOWN,Susheel_C_AudioBook-Ancient Ideals In Modern Life,my-folder/Susheel_C_AudioBook-Ancient Ideals In Modern Life.mp3,35
windows/Susheel_C_AudioBook-Ancient Ideals In Modern Life/win_0036.pt,UNKNOWN,Susheel_C_AudioBook-Ancient Ideals In Modern Life,my-folder/Susheel_C_AudioBook-Ancient Ideals In Modern Life.mp3,36
windows/Susheel_C_AudioBook-Ancient Ideals In Modern Life/win_0037.pt,UNKNOWN,Susheel_C_AudioBook-Ancient Ideals In Modern Life,my-folder/Susheel_C_AudioBook-Ancient Ideals In Modern Life.mp3,37
windows/Susheel_C_AudioBook-Ancient Ideals In Modern Life/win_0038.pt,UNKNOWN,Susheel_C_AudioBook-Ancient Ideals In Modern Life,my-folder/Susheel_C_AudioBook-Ancient Ideals In Modern Life.mp3,38
windows/Susheel_C_AudioBook-Ancient Ideals In Modern Life/win_0039.pt,UNKNOWN,Susheel_C_AudioBook-Ancient Ideals In Modern Life,my-folder/Susheel_C_AudioBook-Ancient Ideals In Modern Life.mp3,39
windows/Susheel_C_AudioBook-Ancient Ideals In Modern Life/win_0040.pt,UNKNOWN,Susheel_C_AudioBook-Ancient Ideals In Modern Life,my-folder/Susheel_C_AudioBook-Ancient Ideals In Modern Life.mp3,40
windows/Susheel_C_AudioBook-Ancient Ideals In Modern Life/win_0041.pt,UNKNOWN,Susheel_C_AudioBook-Ancient Ideals In Modern Life,my-folder/Susheel_C_AudioBook-Ancient Ideals In Modern Life.mp3,41
windows/Susheel_C_AudioBook-Ancient Ideals In Modern Life/win_0042.pt,UNKNOWN,Susheel_C_AudioBook-Ancient Ideals In Modern Life,my-folder/Susheel_C_AudioBook-Ancient Ideals In Modern Life.mp3,42
windows/Susheel_C_AudioBook-Ancient Ideals In Modern Life/win_0043.pt,UNKNOWN,Susheel_C_AudioBook-Ancient Ideals In Modern Life,my-folder/Susheel_C_AudioBook-Ancient Ideals In Modern Life.mp3,43
windows/Susheel_C_AudioBook-Ancient Ideals In Modern Life/win_0044.pt,UNKNOWN,Susheel_C_AudioBook-Ancient Ideals In Modern Life,my-folder/Susheel_C_AudioBook-Ancient Ideals In Modern Life.mp3,44
windows/Susheel_C_AudioBook-Ancient Ideals In Modern Life/win_0045.pt,UNKNOWN,Susheel_C_AudioBook-Ancient Ideals In Modern Life,my-folder/Susheel_C_AudioBook-Ancient Ideals In Modern Life.mp3,45
windows/Susheel_C_AudioBook-Ancient Ideals In Modern Life/win_0046.pt,UNKNOWN,Susheel_C_AudioBook-Ancient Ideals In Modern Life,my-folder/Susheel_C_AudioBook-Ancient Ideals In Modern Life.mp3,46
windows/Susheel_C_AudioBook-Ancient Ideals In Modern Life/win_0047.pt,UNKNOWN,Susheel_C_AudioBook-Ancient Ideals In Modern Life,my-folder/Susheel_C_AudioBook-Ancient Ideals In Modern Life.mp3,47
windows/Susheel_C_AudioBook-Ancient Ideals In Modern Life/win_0048.pt,UNKNOWN,Susheel_C_AudioBook-Ancient Ideals In Modern Life,my-folder/Susheel_C_AudioBook-Ancient Ideals In Modern Life.mp3,48
windows/Susheel_C_AudioBook-Ancient Ideals In Modern Life/win_0049.pt,UNKNOWN,Susheel_C_AudioBook-Ancient Ideals In Modern Life,my-folder/Susheel_C_AudioBook-Ancient Ideals In Modern Life.mp3,49
windows/Susheel_C_AudioBook-Ancient Ideals In Modern Life/win_0050.pt,UNKNOWN,Susheel_C_AudioBook-Ancient Ideals In Modern Life,my-folder/Susheel_C_AudioBook-Ancient Ideals In Modern Life.mp3,50
windows/Susheel_C_AudioBook-Ancient Ideals In Modern Life/win_0051.pt,UNKNOWN,Susheel_C_AudioBook-Ancient Ideals In Modern Life,my-folder/Susheel_C_AudioBook-Ancient Ideals In Modern Life.mp3,51
windows/Susheel_C_AudioBook-Ancient Ideals In Modern Life/win_0052.pt,UNKNOWN,Susheel_C_AudioBook-Ancient Ideals In Modern Life,my-folder/Susheel_C_AudioBook-Ancient Ideals In Modern Life.mp3,52
windows/Susheel_C_AudioBook-Ancient Ideals In Modern Life/win_0053.pt,UNKNOWN,Susheel_C_AudioBook-Ancient Ideals In Modern Life,my-folder/Susheel_C_AudioBook-Ancient Ideals In Modern Life.mp3,53
windows/Susheel_C_AudioBook-Ancient Ideals In Modern Life/win_0054.pt,UNKNOWN,Susheel_C_AudioBook-Ancient Ideals In Modern Life,my-folder/Susheel_C_AudioBook-Ancient Ideals In Modern Life.mp3,54
windows/Susheel_C_AudioBook-Ancient Ideals In Modern Life/win_0055.pt,UNKNOWN,Susheel_C_AudioBook-Ancient Ideals In Modern Life,my-folder/Susheel_C_AudioBook-Ancient Ideals In Modern Life.mp3,55
windows/Susheel_C_AudioBook-Ancient Ideals In Modern Life/win_0056.pt,UNKNOWN,Susheel_C_AudioBook-Ancient Ideals In Modern Life,my-folder/Susheel_C_AudioBook-Ancient Ideals In Modern Life.mp3,56
windows/Susheel_C_AudioBook-Ancient Ideals In Modern Life/win_0057.pt,UNKNOWN,Susheel_C_AudioBook-Ancient Ideals In Modern Life,my-folder/Susheel_C_AudioBook-Ancient Ideals In Modern Life.mp3,57
windows/Susheel_C_AudioBook-Ancient Ideals In Modern Life/win_0058.pt,UNKNOWN,Susheel_C_AudioBook-Ancient Ideals In Modern Life,my-folder/Susheel_C_AudioBook-Ancient Ideals In Modern Life.mp3,58
windows/Susheel_C_AudioBook-Ancient Ideals In Modern Life/win_0059.pt,UNKNOWN,Susheel_C_AudioBook-Ancient Ideals In Modern Life,my-folder/Susheel_C_AudioBook-Ancient Ideals In Modern Life.mp3,59
windows/Susheel_C_AudioBook-Ancient Ideals In Modern Life/win_0060.pt,UNKNOWN,Susheel_C_AudioBook-Ancient Ideals In Modern Life,my-folder/Susheel_C_AudioBook-Ancient Ideals In Modern Life.mp3,60
windows/Susheel_C_AudioBook-Ancient Ideals In Modern Life/win_0061.pt,UNKNOWN,Susheel_C_AudioBook-Ancient Ideals In Modern Life,my-folder/Susheel_C_AudioBook-Ancient Ideals In Modern Life.mp3,61
windows/Susheel_C_AudioBook-Ancient Ideals In Modern Life/win_0062.pt,UNKNOWN,Susheel_C_AudioBook-Ancient Ideals In Modern Life,my-folder/Susheel_C_AudioBook-Ancient Ideals In Modern Life.mp3,62
windows/Susheel_C_AudioBook-Ancient Ideals In Modern Life/win_0063.pt,UNKNOWN,Susheel_C_AudioBook-Ancient Ideals In Modern Life,my-folder/Susheel_C_AudioBook-Ancient Ideals In Modern Life.mp3,63
windows/Susheel_C_AudioBook-Ancient Ideals In Modern Life/win_0064.pt,UNKNOWN,Susheel_C_AudioBook-Ancient Ideals In Modern Life,my-folder/Susheel_C_AudioBook-Ancient Ideals In Modern Life.mp3,64
windows/Susheel_C_AudioBook-Ancient Ideals In Modern Life/win_0065.pt,UNKNOWN,Susheel_C_AudioBook-Ancient Ideals In Modern Life,my-folder/Susheel_C_AudioBook-Ancient Ideals In Modern Life.mp3,65
windows/Susheel_C_AudioBook-Ancient Ideals In Modern Life/win_0066.pt,UNKNOWN,Susheel_C_AudioBook-Ancient Ideals In Modern Life,my-folder/Susheel_C_AudioBook-Ancient Ideals In Modern Life.mp3,66
windows/Susheel_C_AudioBook-Ancient Ideals In Modern Life/win_0067.pt,UNKNOWN,Susheel_C_AudioBook-Ancient Ideals In Modern Life,my-folder/Susheel_C_AudioBook-Ancient Ideals In Modern Life.mp3,67
windows/Susheel_C_AudioBook-Ancient Ideals In Modern Life/win_0068.pt,UNKNOWN,Susheel_C_AudioBook-Ancient Ideals In Modern Life,my-folder/Susheel_C_AudioBook-Ancient Ideals In Modern Life.mp3,68
windows/Susheel_C_AudioBook-Ancient Ideals In Modern Life/win_0069.pt,UNKNOWN,Susheel_C_AudioBook-Ancient Ideals In Modern Life,my-folder/Susheel_C_AudioBook-Ancient Ideals In Modern Life.mp3,69
windows/Susheel_C_AudioBook-Ancient Ideals In Modern Life/win_0070.pt,UNKNOWN,Susheel_C_AudioBook-Ancient Ideals In Modern Life,my-folder/Susheel_C_AudioBook-Ancient Ideals In Modern Life.mp3,70
windows/Susheel_C_AudioBook-Ancient Ideals In Modern Life/win_0071.pt,UNKNOWN,Susheel_C_AudioBook-Ancient Ideals In Modern Life,my-folder/Susheel_C_AudioBook-Ancient Ideals In Modern Life.mp3,71
windows/Susheel_C_AudioBook-Ancient Ideals In Modern Life/win_0072.pt,UNKNOWN,Susheel_C_AudioBook-Ancient Ideals In Modern Life,my-folder/Susheel_C_AudioBook-Ancient Ideals In Modern Life.mp3,72
windows/Susheel_C_AudioBook-Ancient Ideals In Modern Life/win_0073.pt,UNKNOWN,Susheel_C_AudioBook-Ancient Ideals In Modern Life,my-folder/Susheel_C_AudioBook-Ancient Ideals In Modern Life.mp3,73
windows/Susheel_C_AudioBook-Ancient Ideals In Modern Life/win_0074.pt,UNKNOWN,Susheel_C_AudioBook-Ancient Ideals In Modern Life,my-folder/Susheel_C_AudioBook-Ancient Ideals In Modern Life.mp3,74
windows/Susheel_C_AudioBook-Ancient Ideals In Modern Life/win_0075.pt,UNKNOWN,Susheel_C_AudioBook-Ancient Ideals In Modern Life,my-folder/Susheel_C_AudioBook-Ancient Ideals In Modern Life.mp3,75
windows/Susheel_C_AudioBook-Ancient Ideals In Modern Life/win_0076.pt,UNKNOWN,Susheel_C_AudioBook-Ancient Ideals In Modern Life,my-folder/Susheel_C_AudioBook-Ancient Ideals In Modern Life.mp3,76
windows/Susheel_C_AudioBook-Ancient Ideals In Modern Life/win_0077.pt,UNKNOWN,Susheel_C_AudioBook-Ancient Ideals In Modern Life,my-folder/Susheel_C_AudioBook-Ancient Ideals In Modern Life.mp3,77
windows/Susheel_C_AudioBook-Ancient Ideals In Modern Life/win_0078.pt,UNKNOWN,Susheel_C_AudioBook-Ancient Ideals In Modern Life,my-folder/Susheel_C_AudioBook-Ancient Ideals In Modern Life.mp3,78
windows/Susheel_C_AudioBook-Ancient Ideals In Modern Life/win_0079.pt,UNKNOWN,Susheel_C_AudioBook-Ancient Ideals In Modern Life,my-folder/Susheel_C_AudioBook-Ancient Ideals In Modern Life.mp3,79
windows/Susheel_C_AudioBook-Ancient Ideals In Modern Life/win_0080.pt,UNKNOWN,Susheel_C_AudioBook-Ancient Ideals In Modern Life,my-folder/Susheel_C_AudioBook-Ancient Ideals In Modern Life.mp3,80
windows/Susheel_C_AudioBook-Ancient Ideals In Modern Life/win_0081.pt,UNKNOWN,Susheel_C_AudioBook-Ancient Ideals In Modern Life,my-folder/Susheel_C_AudioBook-Ancient Ideals In Modern Life.mp3,81
windows/Susheel_C_AudioBook-Ancient Ideals In Modern Life/win_0082.pt,UNKNOWN,Susheel_C_AudioBook-Ancient Ideals In Modern Life,my-folder/Susheel_C_AudioBook-Ancient Ideals In Modern Life.mp3,82
windows/Susheel_C_AudioBook-Ancient Ideals In Modern Life/win_0083.pt,UNKNOWN,Susheel_C_AudioBook-Ancient Ideals In Modern Life,my-folder/Susheel_C_AudioBook-Ancient Ideals In Modern Life.mp3,83
windows/Susheel_C_AudioBook-Ancient Ideals In Modern Life/win_0084.pt,UNKNOWN,Susheel_C_AudioBook-Ancient Ideals In Modern Life,my-folder/Susheel_C_AudioBook-Ancient Ideals In Modern Life.mp3,84
windows/Susheel_C_AudioBook-Ancient Ideals In Modern Life/win_0085.pt,UNKNOWN,Susheel_C_AudioBook-Ancient Ideals In Modern Life,my-folder/Susheel_C_AudioBook-Ancient Ideals In Modern Life.mp3,85
windows/Susheel_C_AudioBook-Ancient Ideals In Modern Life/win_0086.pt,UNKNOWN,Susheel_C_AudioBook-Ancient Ideals In Modern Life,my-folder/Susheel_C_AudioBook-Ancient Ideals In Modern Life.mp3,86
windows/Susheel_C_AudioBook-Ancient Ideals In Modern Life/win_0087.pt,UNKNOWN,Susheel_C_AudioBook-Ancient Ideals In Modern Life,my-folder/Susheel_C_AudioBook-Ancient Ideals In Modern Life.mp3,87
windows/Susheel_C_AudioBook-Ancient Ideals In Modern Life/win_0088.pt,UNKNOWN,Susheel_C_AudioBook-Ancient Ideals In Modern Life,my-folder/Susheel_C_AudioBook-Ancient Ideals In Modern Life.mp3,88
windows/Susheel_C_AudioBook-Ancient Ideals In Modern Life/win_0089.pt,UNKNOWN,Susheel_C_AudioBook-Ancient Ideals In Modern Life,my-folder/Susheel_C_AudioBook-Ancient Ideals In Modern Life.mp3,89
windows/Susheel_C_AudioBook-Ancient Ideals In Modern Life/win_0090.pt,UNKNOWN,Susheel_C_AudioBook-Ancient Ideals In Modern Life,my-folder/Susheel_C_AudioBook-Ancient Ideals In Modern Life.mp3,90
windows/Susheel_C_AudioBook-Ancient Ideals In Modern Life/win_0091.pt,UNKNOWN,Susheel_C_AudioBook-Ancient Ideals In Modern Life,my-folder/Susheel_C_AudioBook-Ancient Ideals In Modern Life.mp3,91
windows/Susheel_C_AudioBook-Ancient Ideals In Modern Life/win_0092.pt,UNKNOWN,Susheel_C_AudioBook-Ancient Ideals In Modern Life,my-folder/Susheel_C_AudioBook-Ancient Ideals In Modern Life.mp3,92
windows/Susheel_C_AudioBook-Ancient Ideals In Modern Life/win_0093.pt,UNKNOWN,Susheel_C_AudioBook-Ancient Ideals In Modern Life,my-folder/Susheel_C_AudioBook-Ancient Ideals In Modern Life.mp3,93
windows/Susheel_C_AudioBook-Ancient Ideals In Modern Life/win_0094.pt,UNKNOWN,Susheel_C_AudioBook-Ancient Ideals In Modern Life,my-folder/Susheel_C_AudioBook-Ancient Ideals In Modern Life.mp3,94
windows/Susheel_C_AudioBook-Ancient Ideals In Modern Life/win_0095.pt,UNKNOWN,Susheel_C_AudioBook-Ancient Ideals In Modern Life,my-folder/Susheel_C_AudioBook-Ancient Ideals In Modern Life.mp3,95
windows/Susheel_C_AudioBook-Ancient Ideals In Modern Life/win_0096.pt,UNKNOWN,Susheel_C_AudioBook-Ancient Ideals In Modern Life,my-folder/Susheel_C_AudioBook-Ancient Ideals In Modern Life.mp3,96
windows/Susheel_C_AudioBook-Ancient Ideals In Modern Life/win_0097.pt,UNKNOWN,Susheel_C_AudioBook-Ancient Ideals In Modern Life,my-folder/Susheel_C_AudioBook-Ancient Ideals In Modern Life.mp3,97
windows/Susheel_C_AudioBook-Ancient Ideals In Modern Life/win_0098.pt,UNKNOWN,Susheel_C_AudioBook-Ancient Ideals In Modern Life,my-folder/Susheel_C_AudioBook-Ancient Ideals In Modern Life.mp3,98
windows/Susheel_C_AudioBook-Ancient Ideals In Modern Life/win_0099.pt,UNKNOWN,Susheel_C_AudioBook-Ancient Ideals In Modern Life,my-folder/Susheel_C_AudioBook-Ancient Ideals In Modern Life.mp3,99
windows/Susheel_C_AudioBook-Ancient Ideals In Modern Life/win_0100.pt,UNKNOWN,Susheel_C_AudioBook-Ancient Ideals In Modern Life,my-folder/Susheel_C_AudioBook-Ancient Ideals In Modern Life.mp3,100
windows/Susheel_C_AudioBook-Ancient Ideals In Modern Life/win_0101.pt,UNKNOWN,Susheel_C_AudioBook-Ancient Ideals In Modern Life,my-folder/Susheel_C_AudioBook-Ancient Ideals In Modern Life.mp3,101
windows/Susheel_C_AudioBook-Ancient Ideals In Modern Life/win_0102.pt,UNKNOWN,Susheel_C_AudioBook-Ancient Ideals In Modern Life,my-folder/Susheel_C_AudioBook-Ancient Ideals In Modern Life.mp3,102
windows/Susheel_C_AudioBook-Ancient Ideals In Modern Life/win_0103.pt,UNKNOWN,Susheel_C_AudioBook-Ancient Ideals In Modern Life,my-folder/Susheel_C_AudioBook-Ancient Ideals In Modern Life.mp3,103
windows/Susheel_C_AudioBook-Ancient Ideals In Modern Life/win_0104.pt,UNKNOWN,Susheel_C_AudioBook-Ancient Ideals In Modern Life,my-folder/Susheel_C_AudioBook-Ancient Ideals In Modern Life.mp3,104
windows/Susheel_C_AudioBook-Ancient Ideals In Modern Life/win_0105.pt,UNKNOWN,Susheel_C_AudioBook-Ancient Ideals In Modern Life,my-folder/Susheel_C_AudioBook-Ancient Ideals In Modern Life.mp3,105
windows/Susheel_C_AudioBook-Ancient Ideals In Modern Life/win_0106.pt,UNKNOWN,Susheel_C_AudioBook-Ancient Ideals In Modern Life,my-folder/Susheel_C_AudioBook-Ancient Ideals In Modern Life.mp3,106
windows/Susheel_C_AudioBook-Ancient Ideals In Modern Life/win_0107.pt,UNKNOWN,Susheel_C_AudioBook-Ancient Ideals In Modern Life,my-folder/Susheel_C_AudioBook-Ancient Ideals In Modern Life.mp3,107
windows/Susheel_C_AudioBook-Ancient Ideals In Modern Life/win_0108.pt,UNKNOWN,Susheel_C_AudioBook-Ancient Ideals In Modern Life,my-folder/Susheel_C_AudioBook-Ancient Ideals In Modern Life.mp3,108
windows/Susheel_C_AudioBook-Ancient Ideals In Modern Life/win_0109.pt,UNKNOWN,Susheel_C_AudioBook-Ancient Ideals In Modern Life,my-folder/Susheel_C_AudioBook-Ancient Ideals In Modern Life.mp3,109
windows/Susheel_C_AudioBook-Ancient Ideals In Modern Life/win_0110.pt,UNKNOWN,Susheel_C_AudioBook-Ancient Ideals In Modern Life,my-folder/Susheel_C_AudioBook-Ancient Ideals In Modern Life.mp3,110
windows/Susheel_C_AudioBook-Ancient Ideals In Modern Life/win_0111.pt,UNKNOWN,Susheel_C_AudioBook-Ancient Ideals In Modern Life,my-folder/Susheel_C_AudioBook-Ancient Ideals In Modern Life.mp3,111
windows/Susheel_C_AudioBook-Ancient Ideals In Modern Life/win_0112.pt,UNKNOWN,Susheel_C_AudioBook-Ancient Ideals In Modern Life,my-folder/Susheel_C_AudioBook-Ancient Ideals In Modern Life.mp3,112
windows/Susheel_C_AudioBook-Ancient Ideals In Modern Life/win_0113.pt,UNKNOWN,Susheel_C_AudioBook-Ancient Ideals In Modern Life,my-folder/Susheel_C_AudioBook-Ancient Ideals In Modern Life.mp3,113
windows/Susheel_C_AudioBook-Ancient Ideals In Modern Life/win_0114.pt,UNKNOWN,Susheel_C_AudioBook-Ancient Ideals In Modern Life,my-folder/Susheel_C_AudioBook-Ancient Ideals In Modern Life.mp3,114
windows/Susheel_C_AudioBook-Ancient Ideals In Modern Life/win_0115.pt,UNKNOWN,Susheel_C_AudioBook-Ancient Ideals In Modern Life,my-folder/Susheel_C_AudioBook-Ancient Ideals In Modern Life.mp3,115
windows/Susheel_C_AudioBook-Ancient Ideals In Modern Life/win_0116.pt,UNKNOWN,Susheel_C_AudioBook-Ancient Ideals In Modern Life,my-folder/Susheel_C_AudioBook-Ancient Ideals In Modern Life.mp3,116
windows/Susheel_C_AudioBook-Ancient Ideals In Modern Life/win_0117.pt,UNKNOWN,Susheel_C_AudioBook-Ancient Ideals In Modern Life,my-folder/Susheel_C_AudioBook-Ancient Ideals In Modern Life.mp3,117
windows/Susheel_C_AudioBook-Ancient Ideals In Modern Life/win_0118.pt,UNKNOWN,Susheel_C_AudioBook-Ancient Ideals In Modern Life,my-folder/Susheel_C_AudioBook-Ancient Ideals In Modern Life.mp3,118
windows/Susheel_C_AudioBook-Ancient Ideals In Modern Life/win_0119.pt,UNKNOWN,Susheel_C_AudioBook-Ancient Ideals In Modern Life,my-folder/Susheel_C_AudioBook-Ancient Ideals In Modern Life.mp3,119
windows/Susheel_C_AudioBook-Ancient Ideals In Modern Life/win_0120.pt,UNKNOWN,Susheel_C_AudioBook-Ancient Ideals In Modern Life,my-folder/Susheel_C_AudioBook-Ancient Ideals In Modern Life.mp3,120
windows/Susheel_C_AudioBook-Ancient Ideals In Modern Life/win_0121.pt,UNKNOWN,Susheel_C_AudioBook-Ancient Ideals In Modern Life,my-folder/Susheel_C_AudioBook-Ancient Ideals In Modern Life.mp3,121
windows/Susheel_C_AudioBook-Ancient Ideals In Modern Life/win_0122.pt,UNKNOWN,Susheel_C_AudioBook-Ancient Ideals In Modern Life,my-folder/Susheel_C_AudioBook-Ancient Ideals In Modern Life.mp3,122
windows/Susheel_C_AudioBook-Ancient Ideals In Modern Life/win_0123.pt,UNKNOWN,Susheel_C_AudioBook-Ancient Ideals In Modern Life,my-folder/Susheel_C_AudioBook-Ancient Ideals In Modern Life.mp3,123
windows/Susheel_C_AudioBook-Ancient Ideals In Modern Life/win_0124.pt,UNKNOWN,Susheel_C_AudioBook-Ancient Ideals In Modern Life,my-folder/Susheel_C_AudioBook-Ancient Ideals In Modern Life.mp3,124
windows/Susheel_C_AudioBook-Ancient Ideals In Modern Life/win_0125.pt,UNKNOWN,Susheel_C_AudioBook-Ancient Ideals In Modern Life,my-folder/Susheel_C_AudioBook-Ancient Ideals In Modern Life.mp3,125
windows/Susheel_C_AudioBook-Ancient Ideals In Modern Life/win_0126.pt,UNKNOWN,Susheel_C_AudioBook-Ancient Ideals In Modern Life,my-folder/Susheel_C_AudioBook-Ancient Ideals In Modern Life.mp3,126
windows/Susheel_C_AudioBook-Ancient Ideals In Modern Life/win_0127.pt,UNKNOWN,Susheel_C_AudioBook-Ancient Ideals In Modern Life,my-folder/Susheel_C_AudioBook-Ancient Ideals In Modern Life.mp3,127
windows/Susheel_C_AudioBook-Ancient Ideals In Modern Life/win_0128.pt,UNKNOWN,Susheel_C_AudioBook-Ancient Ideals In Modern Life,my-folder/Susheel_C_AudioBook-Ancient Ideals In Modern Life.mp3,128
windows/Susheel_C_AudioBook-Ancient Ideals In Modern Life/win_0129.pt,UNKNOWN,Susheel_C_AudioBook-Ancient Ideals In Modern Life,my-folder/Susheel_C_AudioBook-Ancient Ideals In Modern Life.mp3,129
windows/Susheel_C_AudioBook-Ancient Ideals In Modern Life/win_0130.pt,UNKNOWN,Susheel_C_AudioBook-Ancient Ideals In Modern Life,my-folder/Susheel_C_AudioBook-Ancient Ideals In Modern Life.mp3,130
windows/Susheel_C_AudioBook-Ancient Ideals In Modern Life/win_0131.pt,UNKNOWN,Susheel_C_AudioBook-Ancient Ideals In Modern Life,my-folder/Susheel_C_AudioBook-Ancient Ideals In Modern Life.mp3,131
windows/Susheel_C_AudioBook-Ancient Ideals In Modern Life/win_0132.pt,UNKNOWN,Susheel_C_AudioBook-Ancient Ideals In Modern Life,my-folder/Susheel_C_AudioBook-Ancient Ideals In Modern Life.mp3,132
windows/Susheel_C_AudioBook-Ancient Ideals In Modern Life/win_0133.pt,UNKNOWN,Susheel_C_AudioBook-Ancient Ideals In Modern Life,my-folder/Susheel_C_AudioBook-Ancient Ideals In Modern Life.mp3,133
windows/Susheel_C_AudioBook-Ancient Ideals In Modern Life/win_0134.pt,UNKNOWN,Susheel_C_AudioBook-Ancient Ideals In Modern Life,my-folder/Susheel_C_AudioBook-Ancient Ideals In Modern Life.mp3,134
windows/Susheel_C_AudioBook-Ancient Ideals In Modern Life/win_0135.pt,UNKNOWN,Susheel_C_AudioBook-Ancient Ideals In Modern Life,my-folder/Susheel_C_AudioBook-Ancient Ideals In Modern Life.mp3,135
windows/Susheel_C_AudioBook-Ancient Ideals In Modern Life/win_0136.pt,UNKNOWN,Susheel_C_AudioBook-Ancient Ideals In Modern Life,my-folder/Susheel_C_AudioBook-Ancient Ideals In Modern Life.mp3,136
windows/Susheel_C_AudioBook-Ancient Ideals In Modern Life/win_0137.pt,UNKNOWN,Susheel_C_AudioBook-Ancient Ideals In Modern Life,my-folder/Susheel_C_AudioBook-Ancient Ideals In Modern Life.mp3,137
windows/Susheel_C_AudioBook-Ancient Ideals In Modern Life/win_0138.pt,UNKNOWN,Susheel_C_AudioBook-Ancient Ideals In Modern Life,my-folder/Susheel_C_AudioBook-Ancient Ideals In Modern Life.mp3,138
windows/Susheel_C_AudioBook-Ancient Ideals In Modern Life/win_0139.pt,UNKNOWN,Susheel_C_AudioBook-Ancient Ideals In Modern Life,my-folder/Susheel_C_AudioBook-Ancient Ideals In Modern Life.mp3,139
windows/Susheel_C_AudioBook-Ancient Ideals In Modern Life/win_0140.pt,UNKNOWN,Susheel_C_AudioBook-Ancient Ideals In Modern Life,my-folder/Susheel_C_AudioBook-Ancient Ideals In Modern Life.mp3,140
windows/Susheel_C_AudioBook-Ancient Ideals In Modern Life/win_0141.pt,UNKNOWN,Susheel_C_AudioBook-Ancient Ideals In Modern Life,my-folder/Susheel_C_AudioBook-Ancient Ideals In Modern Life.mp3,141
windows/Susheel_C_AudioBook-Ancient Ideals In Modern Life/win_0142.pt,UNKNOWN,Susheel_C_AudioBook-Ancient Ideals In Modern Life,my-folder/Susheel_C_AudioBook-Ancient Ideals In Modern Life.mp3,142
windows/Susheel_C_AudioBook-Ancient Ideals In Modern Life/win_0143.pt,UNKNOWN,Susheel_C_AudioBook-Ancient Ideals In Modern Life,my-folder/Susheel_C_AudioBook-Ancient Ideals In Modern Life.mp3,143
windows/Susheel_C_AudioBook-Ancient Ideals In Modern Life/win_0144.pt,UNKNOWN,Susheel_C_AudioBook-Ancient Ideals In Modern Life,my-folder/Susheel_C_AudioBook-Ancient Ideals In Modern Life.mp3,144
windows/Susheel_C_AudioBook-Ancient Ideals In Modern Life/win_0145.pt,UNKNOWN,Susheel_C_AudioBook-Ancient Ideals In Modern Life,my-folder/Susheel_C_AudioBook-Ancient Ideals In Modern Life.mp3,145
windows/Susheel_C_AudioBook-Ancient Ideals In Modern Life/win_0146.pt,UNKNOWN,Susheel_C_AudioBook-Ancient Ideals In Modern Life,my-folder/Susheel_C_AudioBook-Ancient Ideals In Modern Life.mp3,146
windows/Susheel_C_AudioBook-Ancient Ideals In Modern Life/win_0147.pt,UNKNOWN,Susheel_C_AudioBook-Ancient Ideals In Modern Life,my-folder/Susheel_C_AudioBook-Ancient Ideals In Modern Life.mp3,147
windows/VB_eLearning_Scanbo/win_0000.pt,UNKNOWN,VB_eLearning_Scanbo,my-folder/VB_eLearning_Scanbo.wav,0
windows/VB_eLearning_Scanbo/win_0001.pt,UNKNOWN,VB_eLearning_Scanbo,my-folder/VB_eLearning_Scanbo.wav,1
windows/VB_eLearning_Scanbo/win_0002.pt,UNKNOWN,VB_eLearning_Scanbo,my-folder/VB_eLearning_Scanbo.wav,2
windows/VB_eLearning_Scanbo/win_0003.pt,UNKNOWN,VB_eLearning_Scanbo,my-folder/VB_eLearning_Scanbo.wav,3
windows/VB_eLearning_Scanbo/win_0004.pt,UNKNOWN,VB_eLearning_Scanbo,my-folder/VB_eLearning_Scanbo.wav,4
windows/VB_eLearning_Scanbo/win_0005.pt,UNKNOWN,VB_eLearning_Scanbo,my-folder/VB_eLearning_Scanbo.wav,5
windows/VB_eLearning_Scanbo/win_0006.pt,UNKNOWN,VB_eLearning_Scanbo,my-folder/VB_eLearning_Scanbo.wav,6
windows/VB_eLearning_Scanbo/win_0007.pt,UNKNOWN,VB_eLearning_Scanbo,my-folder/VB_eLearning_Scanbo.wav,7
windows/VB_eLearning_Scanbo/win_0008.pt,UNKNOWN,VB_eLearning_Scanbo,my-folder/VB_eLearning_Scanbo.wav,8
windows/VB_eLearning_Scanbo/win_0009.pt,UNKNOWN,VB_eLearning_Scanbo,my-folder/VB_eLearning_Scanbo.wav,9
windows/VB_eLearning_Scanbo/win_0010.pt,UNKNOWN,VB_eLearning_Scanbo,my-folder/VB_eLearning_Scanbo.wav,10
windows/VB_eLearning_Scanbo/win_0011.pt,UNKNOWN,VB_eLearning_Scanbo,my-folder/VB_eLearning_Scanbo.wav,11
windows/VB_eLearning_Scanbo/win_0012.pt,UNKNOWN,VB_eLearning_Scanbo,my-folder/VB_eLearning_Scanbo.wav,12
windows/VB_eLearning_Scanbo/win_0013.pt,UNKNOWN,VB_eLearning_Scanbo,my-folder/VB_eLearning_Scanbo.wav,13
windows/VB_eLearning_Scanbo/win_0014.pt,UNKNOWN,VB_eLearning_Scanbo,my-folder/VB_eLearning_Scanbo.wav,14
windows/VB_eLearning_Scanbo/win_0015.pt,UNKNOWN,VB_eLearning_Scanbo,my-folder/VB_eLearning_Scanbo.wav,15
windows/VB_eLearning_Scanbo/win_0016.pt,UNKNOWN,VB_eLearning_Scanbo,my-folder/VB_eLearning_Scanbo.wav,16
windows/VB_eLearning_Scanbo/win_0017.pt,UNKNOWN,VB_eLearning_Scanbo,my-folder/VB_eLearning_Scanbo.wav,17
windows/VB_eLearning_Scanbo/win_0018.pt,UNKNOWN,VB_eLearning_Scanbo,my-folder/VB_eLearning_Scanbo.wav,18
windows/VB_eLearning_Scanbo/win_0019.pt,UNKNOWN,VB_eLearning_Scanbo,my-folder/VB_eLearning_Scanbo.wav,19
windows/VB_eLearning_Scanbo/win_0020.pt,UNKNOWN,VB_eLearning_Scanbo,my-folder/VB_eLearning_Scanbo.wav,20
windows/VB_eLearning_Scanbo/win_0021.pt,UNKNOWN,VB_eLearning_Scanbo,my-folder/VB_eLearning_Scanbo.wav,21
windows/VB_eLearning_Scanbo/win_0022.pt,UNKNOWN,VB_eLearning_Scanbo,my-folder/VB_eLearning_Scanbo.wav,22
windows/VB_eLearning_Scanbo/win_0023.pt,UNKNOWN,VB_eLearning_Scanbo,my-folder/VB_eLearning_Scanbo.wav,23
windows/VB_eLearning_Scanbo/win_0024.pt,UNKNOWN,VB_eLearning_Scanbo,my-folder/VB_eLearning_Scanbo.wav,24
windows/VB_eLearning_Scanbo/win_0025.pt,UNKNOWN,VB_eLearning_Scanbo,my-folder/VB_eLearning_Scanbo.wav,25
windows/VB_eLearning_Scanbo/win_0026.pt,UNKNOWN,VB_eLearning_Scanbo,my-folder/VB_eLearning_Scanbo.wav,26
windows/VB_eLearning_Scanbo/win_0027.pt,UNKNOWN,VB_eLearning_Scanbo,my-folder/VB_eLearning_Scanbo.wav,27
windows/VB_eLearning_Scanbo/win_0028.pt,UNKNOWN,VB_eLearning_Scanbo,my-folder/VB_eLearning_Scanbo.wav,28
windows/VB_eLearning_Scanbo/win_0029.pt,UNKNOWN,VB_eLearning_Scanbo,my-folder/VB_eLearning_Scanbo.wav,29
windows/VB_eLearning_Scanbo/win_0030.pt,UNKNOWN,VB_eLearning_Scanbo,my-folder/VB_eLearning_Scanbo.wav,30
windows/VB_eLearning_Scanbo/win_0031.pt,UNKNOWN,VB_eLearning_Scanbo,my-folder/VB_eLearning_Scanbo.wav,31
windows/VB_eLearning_Scanbo/win_0032.pt,UNKNOWN,VB_eLearning_Scanbo,my-folder/VB_eLearning_Scanbo.wav,32
windows/VB_eLearning_Scanbo/win_0033.pt,UNKNOWN,VB_eLearning_Scanbo,my-folder/VB_eLearning_Scanbo.wav,33
windows/VB_eLearning_Scanbo/win_0034.pt,UNKNOWN,VB_eLearning_Scanbo,my-folder/VB_eLearning_Scanbo.wav,34
